Movies,Genres,Rating
3133,Comedy|Western,10.0
8423,Children|Comedy|Romance,10.0
25763,Drama,10.0
2215,Comedy|Romance,10.0
1256,Comedy|Musical|War,10.0
8256,Drama|Romance,10.0
25801,Comedy|Romance,10.0
25805,Comedy|Drama|Romance,10.0
8167,Action|Adventure|Romance,10.0
3462,Comedy|Drama|Romance,10.0
25842,Comedy|Fantasy|Romance,10.0
25850,Comedy|Drama|Romance,10.0
917,Children|Drama,10.0
919,Adventure|Children|Fantasy|Musical,10.0
954,Drama,10.0
7831,Comedy|Crime|Drama|Mystery|Romance,10.0
25856,Drama|Romance,10.0
596,Animation|Children|Fantasy|Musical,10.0
973,Comedy|Drama,10.0
2205,Comedy|Romance,10.0
2936,Adventure|Comedy|Romance,10.0
7216,Crime|Drama|Film-Noir|Thriller,10.0
25868,Comedy|Romance,10.0
946,Comedy|Drama|War,10.0
1936,Drama|War,10.0
2018,Animation|Children|Drama,10.0
2204,Mystery|Thriller,10.0
4920,Drama|Romance,10.0
71525,Comedy,10.0
25891,Comedy|Fantasy|Romance,10.0
2647,Horror,10.0
3643,Action|Drama|War,10.0
2612,Drama|Film-Noir,10.0
8584,Drama|Film-Noir,10.0
47714,Comedy|Drama|Fantasy|Romance,10.0
3792,Drama|Romance|Western,10.0
8208,Drama,10.0
33760,Drama|Romance,10.0
1940,Drama,10.0
6467,Crime|Drama,10.0
25930,Crime|Drama|Film-Noir|Thriller,10.0
41585,Crime|Drama|Film-Noir,10.0
5434,Drama|Film-Noir|Thriller,10.0
1212,Film-Noir|Mystery|Thriller,10.0
8491,Crime|Drama|Film-Noir,10.0
8752,Drama|Film-Noir|Romance,10.0
3780,Sci-Fi,10.0
44073,Drama,10.0
3475,Drama|Romance,10.0
2848,Drama,10.0
3314,Action|Drama,10.0
3417,Adventure|Comedy,10.0
7705,Comedy|Romance,10.0
56015,Crime|Drama|Film-Noir|Mystery,10.0
3404,Action|Drama,10.0
3930,Adventure|Horror|Sci-Fi,10.0
4420,Drama,10.0
6426,Western,10.0
8410,Crime|Drama|Film-Noir,10.0
8920,Drama,10.0
4324,Drama|Western,10.0
6981,Drama,10.0
8447,Sci-Fi,10.0
8451,Drama,10.0
47721,Children|Fantasy,10.0
62049,Drama|Sci-Fi,10.0
937,Comedy|Romance,10.0
1250,Adventure|Drama|War,10.0
3640,Comedy|Drama,10.0
5147,Drama,10.0
8657,Western,10.0
854,Drama,10.0
4798,Comedy|Romance,10.0
910,Comedy|Crime,10.0
2043,Adventure|Children|Fantasy,10.0
2731,Crime|Drama,10.0
3933,Horror|Sci-Fi,10.0
5383,Crime|Horror|Mystery,10.0
7088,Drama|Romance,10.0
1017,Adventure|Children,10.0
1219,Crime|Horror,10.0
5799,Drama|Romance|War,10.0
2015,Children|Comedy|Fantasy,10.0
2782,Horror,10.0
3468,Drama,10.0
6579,Comedy,10.0
60990,Drama,10.0
1204,Adventure|Drama|War,10.0
2056,Adventure|Children,10.0
2905,Action|Adventure|Drama,10.0
2949,Action|Adventure|Thriller,10.0
5398,Drama,10.0
26093,Adventure|Animation|Children|Comedy|Drama|Fantasy|Musical|Romance,10.0
2550,Horror|Thriller,10.0
2554,Horror|Sci-Fi|Thriller,10.0
2780,Comedy|Horror,10.0
3467,Drama|Western,10.0
4187,Drama,10.0
4799,Action|Adventure|Comedy|Crime,10.0
8903,Horror|Mystery,10.0
199,Drama|Musical|Romance,10.0
914,Comedy|Drama|Musical|Romance,10.0
5899,Action|Drama|War,10.0
7085,Comedy|Romance,10.0
26111,Drama,10.0
42783,Drama|Romance,10.0
83829,(no genres listed),10.0
1035,Musical|Romance,10.0
3681,Action|Drama|Thriller|Western,10.0
6422,Drama|War|Western,10.0
6305,Drama|Sci-Fi,10.0
8525,Children|Comedy,10.0
1084,Crime|Drama,10.0
5796,Action|Adventure|Comedy,10.0
7946,Drama,10.0
26171,Comedy,10.0
110752,Documentary,10.0
2160,Drama|Horror|Thriller,10.0
2300,Comedy,10.0
26164,Adventure|Fantasy,10.0
5000,Drama|Romance,10.0
6245,Comedy|Drama|Musical|Romance,10.0
7110,Drama|Thriller,10.0
8725,Comedy|Drama|Romance,10.0
59834,Adventure|War|Western,10.0
2925,Drama,10.0
3066,Action|Drama|War,10.0
3622,Comedy,10.0
4349,Comedy|War,10.0
4972,Comedy,10.0
6428,Comedy|War|Western,10.0
26231,Crime|Drama|Thriller,10.0
26258,Fantasy|Western,10.0
52528,Drama,10.0
4195,Horror|Mystery,10.0
4803,Drama|Thriller,10.0
7894,Action|Western,10.0
152844,Horror,10.0
2871,Adventure|Drama|Thriller,10.0
3490,Horror,10.0
7008,Drama|Romance,10.0
7084,Comedy|Romance,10.0
62801,Action|Drama,10.0
2921,Western,10.0
3733,Drama,10.0
4754,Drama|Horror|Mystery|Thriller,10.0
6724,Comedy|Crime|Drama,10.0
7396,Drama,10.0
7889,Western,10.0
26294,Comedy|Western,10.0
26320,Drama|Horror|Sci-Fi,10.0
32632,Action|Crime,10.0
6408,Comedy|Documentary,10.0
7817,Fantasy|Sci-Fi,10.0
1136,Adventure|Comedy|Fantasy,10.0
3362,Crime|Drama,10.0
92756,Comedy|Western,10.0
2238,Comedy|Drama,10.0
3371,Drama,10.0
6410,Comedy,10.0
47152,Drama,10.0
1998,Horror,10.0
2051,Adventure|Children|Comedy,10.0
2523,Drama|Thriller,10.0
4437,Horror,10.0
4810,Drama,10.0
7492,Drama|Horror,10.0
8261,Drama,10.0
71180,Drama,10.0
1388,Horror|Thriller,10.0
2091,Children|Sci-Fi,10.0
2138,Adventure|Animation|Children|Drama|Fantasy,10.0
3304,Crime|Drama,10.0
26404,Drama,10.0
2034,Children|Sci-Fi,10.0
3506,Comedy|Drama,10.0
3638,Action|Adventure|Sci-Fi|Thriller,10.0
6735,Drama,10.0
7698,Drama|Thriller,10.0
55757,Comedy|Drama|Romance,10.0
1196,Action|Adventure|Sci-Fi,10.0
3091,Drama|War,10.0
4291,Comedy|Crime,10.0
4826,Action|Adventure|Drama|War,10.0
4833,Horror|Mystery|Thriller,10.0
5186,Drama|Romance,10.0
5250,Comedy,10.0
610,Action|Adventure|Animation|Horror|Sci-Fi,10.0
3731,Drama|Thriller,10.0
3734,Drama,10.0
3971,Comedy|Mystery,10.0
4417,Horror,10.0
5710,Comedy,10.0
5768,Comedy|Fantasy,10.0
5779,Horror|Sci-Fi,10.0
2105,Action|Adventure|Sci-Fi,10.0
2919,Drama|Romance|War,10.0
5933,Drama,10.0
6140,Horror|Mystery|Thriller,10.0
32840,Animation,10.0
81660,Action|Sci-Fi,10.0
102252,Action|Adventure,10.0
1238,Comedy,10.0
2111,Comedy,10.0
2121,Horror|Thriller,10.0
2804,Children|Comedy,10.0
2942,Drama|Romance,10.0
3550,Horror,10.0
5012,Drama|Musical|Romance,10.0
6638,Comedy|Romance,10.0
26467,Drama|Sci-Fi,10.0
26492,Fantasy|Horror|Sci-Fi|Thriller,10.0
33021,Comedy|Drama,10.0
2003,Comedy|Horror,10.0
2397,Drama,10.0
2613,Comedy|Horror|Sci-Fi,10.0
3041,Comedy,10.0
3098,Drama,10.0
3398,Children|Comedy|Musical,10.0
3441,Action|Drama|War,10.0
3683,Crime|Drama|Film-Noir,10.0
3766,Action|War,10.0
5276,Drama|Romance|Thriller,10.0
5344,Drama|Thriller,10.0
6814,Action|Comedy,10.0
7947,Drama,10.0
26509,Comedy|Drama|Romance|Sci-Fi,10.0
1674,Drama|Romance|Thriller,10.0
2371,Comedy|Crime|Mystery,10.0
2401,Western,10.0
4293,Comedy,10.0
6731,Horror|Sci-Fi|Thriller,10.0
7083,Drama,10.0
7307,Action|Adventure|Drama|War,10.0
7340,Comedy,10.0
7481,Adventure|Drama|Sci-Fi,10.0
7615,Drama,10.0
9004,Adventure|Children|Sci-Fi,10.0
26547,Action|Comedy|Crime|Thriller,10.0
26562,Drama,10.0
26581,Documentary,10.0
58520,Drama,10.0
97817,Documentary,10.0
1349,Horror,10.0
2345,Drama,10.0
2348,Drama,10.0
2349,Comedy|Thriller,10.0
2375,Comedy,10.0
2736,Comedy,10.0
3763,Action|Crime|Thriller,10.0
4753,Comedy|Horror,10.0
6201,Drama|Romance,10.0
6308,Comedy|Crime|Romance,10.0
6644,Drama|Romance,10.0
1261,Action|Comedy|Fantasy|Horror,10.0
1970,Horror|Thriller,10.0
2752,Comedy|Mystery,10.0
2755,Drama,10.0
3329,Drama|Romance,10.0
3388,Children|Comedy,10.0
3394,Comedy|Romance,10.0
3505,Drama|Mystery|Thriller,10.0
3716,Action|Comedy|Crime|Drama,10.0
4104,Comedy,10.0
4109,Drama|Thriller,10.0
4132,Comedy|Romance,10.0
4140,Drama|Romance,10.0
4215,Comedy,10.0
4332,Crime|Drama|Thriller,10.0
709,Adventure|Animation|Children|Comedy|Musical,10.0
1961,Drama,10.0
1971,Horror|Thriller,10.0
1985,Horror,10.0
2245,Comedy|Drama|Romance,10.0
2247,Comedy,10.0
2408,Comedy|Sci-Fi,10.0
2551,Drama|Horror|Thriller,10.0
2868,Horror,10.0
3197,Action|Crime|Romance|Thriller,10.0
3211,Drama,10.0
3577,Drama|Romance,10.0
3868,Action|Comedy|Crime|Romance,10.0
3918,Horror,10.0
4012,Comedy|Drama,10.0
4479,Drama|Musical,10.0
4490,Comedy,10.0
4499,Comedy,10.0
4500,Comedy|Drama,10.0
4516,Comedy,10.0
4518,Comedy|Horror,10.0
4537,Drama,10.0
4560,Horror|Sci-Fi,10.0
4563,Comedy,10.0
4703,Drama,10.0
52831,Action|Crime|Horror|Thriller,10.0
1989,Horror,10.0
2422,Action|Adventure|Children|Drama,10.0
4618,Horror|Sci-Fi|Thriller,10.0
4628,Comedy|Drama,10.0
4632,Action|Thriller,10.0
4663,Comedy,10.0
4666,Comedy,10.0
4676,Comedy,10.0
26649,Adventure|Drama|Western,10.0
587,Comedy|Drama|Fantasy|Romance|Thriller,10.0
2291,Drama|Fantasy|Romance,10.0
2699,Comedy|Horror,10.0
3031,Comedy,10.0
3219,Mystery|Thriller,10.0
3438,Action|Children|Comedy|Fantasy|Sci-Fi,10.0
3765,Crime|Drama|Romance,10.0
3841,Action|Comedy,10.0
4216,Drama,10.0
6180,Crime|Drama,10.0
6966,Action|Crime|Fantasy|Sci-Fi|Thriller,10.0
7004,Action|Comedy|Crime|Thriller,10.0
7012,Comedy|Fantasy,10.0
8493,Action|Drama|War,10.0
8689,Comedy|Crime|Thriller,10.0
26704,Crime|Drama|Thriller,10.0
31747,Comedy|Romance,10.0
88024,Drama,10.0
1176,Drama|Fantasy|Romance,10.0
1280,Drama,10.0
2265,Adventure|Comedy,10.0
2267,Mystery|Thriller,10.0
5366,Drama,10.0
6780,Documentary,10.0
6944,Comedy,10.0
6971,Drama|Thriller,10.0
121,Drama,10.0
122,Comedy|Romance,10.0
265,Drama|Fantasy|Romance,10.0
526,Drama,10.0
1037,Action|Horror|Sci-Fi|Thriller,10.0
1339,Fantasy|Horror|Romance|Thriller,10.0
2817,Action,10.0
3259,Adventure|Drama|Romance,10.0
3262,Crime|Drama|Mystery|Thriller,10.0
8132,Action|Drama,10.0
26788,Comedy|Drama,10.0
26819,Action|Sci-Fi,10.0
320,Film-Noir|Thriller,10.0
410,Children|Comedy|Fantasy,10.0
446,Drama|Romance,10.0
489,Comedy,10.0
490,Thriller,10.0
508,Drama,10.0
527,Drama|War,10.0
1437,Drama,10.0
2071,Drama,10.0
6794,Children|Comedy,10.0
7108,Action|Crime|Drama,10.0
7117,Comedy|Horror,10.0
7782,Action|Drama,10.0
32153,Adventure|Animation|Children|Fantasy,10.0
59447,Drama,10.0
98,Action|Thriller,10.0
126,Adventure|Children|Fantasy,10.0
268,Crime|Drama,10.0
272,Comedy|Drama,10.0
305,Comedy,10.0
341,Drama,10.0
342,Comedy,10.0
353,Action|Crime|Fantasy|Thriller,10.0
354,Drama,10.0
369,Drama,10.0
372,Comedy|Drama|Romance,10.0
382,Drama|Horror|Romance|Thriller,10.0
416,Western,10.0
420,Action|Comedy|Crime|Thriller,10.0
470,Comedy,10.0
513,Comedy|Mystery|Romance,10.0
536,Drama,10.0
569,Comedy|Drama,10.0
1369,Drama|Thriller,10.0
5969,Comedy|Drama|Romance,10.0
26870,Comedy,10.0
68099,Documentary,10.0
95780,Action|Adventure|Animation,10.0
99669,Horror,10.0
126106,(no genres listed),10.0
13,Adventure|Animation|Children,10.0
22,Crime|Drama|Horror|Mystery|Thriller,10.0
23,Action|Crime|Thriller,10.0
27,Children|Drama,10.0
35,Drama|Romance,10.0
43,Drama,10.0
48,Animation|Children|Drama|Musical|Romance,10.0
49,Drama|Romance,10.0
71,Action,10.0
80,Children|Drama,10.0
116,Documentary,10.0
132,Thriller,10.0
165,Action|Crime|Thriller,10.0
173,Action|Crime|Sci-Fi,10.0
185,Action|Crime|Thriller,10.0
187,Comedy,10.0
207,Drama|Romance,10.0
216,Comedy,10.0
217,Drama|Thriller,10.0
274,Comedy,10.0
278,Comedy,10.0
279,Drama,10.0
325,Comedy,10.0
585,Comedy,10.0
617,Comedy|Drama,10.0
741,Animation|Sci-Fi,10.0
754,Adventure|Children,10.0
764,Drama|Romance,10.0
767,Comedy|Drama,10.0
864,Comedy|Drama,10.0
1428,Drama,10.0
44421,Documentary,10.0
51357,Crime|Drama|Thriller,10.0
86,Action|Adventure|Drama,10.0
663,Comedy,10.0
671,Comedy|Sci-Fi,10.0
673,Adventure|Animation|Children|Comedy|Fantasy|Sci-Fi,10.0
685,Drama,10.0
704,Action|Adventure,10.0
720,Adventure|Animation|Comedy,10.0
743,Comedy,10.0
765,Comedy|Drama,10.0
766,Drama,10.0
781,Drama,10.0
800,Drama|Mystery|Western,10.0
809,Action|Adventure,10.0
813,Comedy,10.0
832,Crime|Thriller,10.0
996,Action|Crime|Drama|Thriller,10.0
1034,Comedy|Crime|Drama|Thriller,10.0
1105,Horror,10.0
1317,Comedy,10.0
1351,Crime|Drama|Thriller,10.0
1354,Drama|Mystery,10.0
1357,Drama|Romance,10.0
1417,Drama,10.0
1449,Comedy,10.0
1455,Comedy|Romance,10.0
1537,Comedy|Drama|Romance,10.0
3282,Comedy,10.0
136445,Comedy,10.0
141886,Comedy|Drama,10.0
981,Drama,10.0
1442,Drama,10.0
1466,Crime|Drama,10.0
1476,Comedy|Drama,10.0
1500,Comedy|Crime|Romance,10.0
1556,Action|Romance|Thriller,10.0
1584,Drama|Sci-Fi,10.0
1621,Drama,10.0
1625,Drama|Mystery|Thriller,10.0
1640,Comedy,10.0
1644,Horror|Mystery|Thriller,10.0
1648,Comedy|Drama,10.0
1668,Drama,10.0
1670,Drama|War,10.0
1672,Drama,10.0
1676,Action|Sci-Fi,10.0
1687,Action|Thriller,10.0
1717,Comedy|Horror|Mystery|Thriller,10.0
1846,Drama,10.0
1848,Adventure|Children|Comedy|Fantasy,10.0
1859,Drama,10.0
1865,Documentary,10.0
1900,Comedy|Drama,10.0
2008,Crime|Drama|Film-Noir,10.0
2594,Drama|Romance|Sci-Fi|Thriller,10.0
2693,Documentary,10.0
2776,Documentary,10.0
3518,Drama|Thriller,10.0
27156,Action|Animation|Drama|Fantasy|Sci-Fi,10.0
1791,Crime|Drama|Thriller,10.0
1821,Comedy|Romance,10.0
1876,Drama|Sci-Fi|Thriller,10.0
1911,Comedy,10.0
1914,Comedy|Drama,10.0
1916,Drama|Romance,10.0
2027,Comedy|Crime,10.0
2334,Action|Thriller,10.0
2356,Comedy,10.0
2431,Comedy|Drama,10.0
2590,Drama,10.0
2691,Drama,10.0
2708,Romance,10.0
3609,Documentary,10.0
3839,Horror,10.0
7034,Drama|Romance,10.0
7649,Adventure|Sci-Fi,10.0
8157,Animation|Fantasy|Thriller,10.0
2504,Comedy|Drama,10.0
2559,Animation|Children,10.0
2587,Comedy|Crime|Drama,10.0
2598,Comedy,10.0
2611,Drama,10.0
2720,Action|Adventure|Children|Comedy,10.0
2882,Drama,10.0
2891,Comedy,10.0
2977,Comedy|Drama,10.0
2997,Comedy|Drama|Fantasy,10.0
3004,Comedy|Romance,10.0
3006,Drama|Thriller,10.0
3117,Drama|Romance|War,10.0
3180,Comedy|Drama,10.0
3456,Drama,10.0
3800,Crime|Drama|Romance|Thriller,10.0
3822,Drama|Romance,10.0
3864,Action|Adventure|Sci-Fi,10.0
4076,Comedy|Romance,10.0
6243,Horror|Mystery,10.0
8117,Action|Comedy,10.0
8142,Action|Crime,10.0
70418,Drama|Musical|Romance,10.0
3225,Comedy|Romance,10.0
3300,Horror|Sci-Fi|Thriller,10.0
3453,Drama|Romance,10.0
3539,Documentary,10.0
3579,Drama,10.0
3624,Action|Adventure|Comedy|Western,10.0
3825,Comedy|Drama|Romance,10.0
3861,Comedy,10.0
3865,Comedy|Documentary,10.0
3890,Documentary,10.0
3892,Horror,10.0
3896,Crime|Thriller,10.0
3914,Drama,10.0
3945,Adventure|Animation|Children,10.0
3973,Crime|Horror|Mystery|Thriller,10.0
4011,Comedy|Crime|Thriller,10.0
4016,Adventure|Animation|Children|Comedy|Fantasy,10.0
4018,Comedy|Romance,10.0
4022,Drama,10.0
4156,Comedy,10.0
6300,Action|Comedy|Crime,10.0
7282,Comedy|Horror|Thriller,10.0
7541,Comedy|Romance,10.0
27441,Action|Animation|Horror,10.0
66544,Drama|War,10.0
70488,Adventure|Documentary,10.0
4149,Comedy|Romance,10.0
4162,Comedy,10.0
4168,Comedy|Romance,10.0
4246,Comedy|Drama|Romance,10.0
4304,Documentary,10.0
4344,Action|Crime|Drama,10.0
4345,Drama,10.0
4451,Comedy|Drama|Romance,10.0
4452,Comedy,10.0
4639,Comedy|Romance,10.0
4725,Horror|Thriller,10.0
4735,Horror|Sci-Fi|Thriller,10.0
4745,Drama,10.0
4818,Action|Adventure|Comedy|Drama,10.0
4875,Comedy|Romance,10.0
4977,Drama,10.0
5013,Comedy|Drama|Mystery,10.0
5014,Drama,10.0
5223,Comedy|Drama,10.0
5391,Drama,10.0
5535,Drama,10.0
5575,Crime|Drama,10.0
5682,Drama,10.0
6690,Comedy|Fantasy|Mystery,10.0
7235,Action|Comedy|Crime|Drama|Horror|Thriller,10.0
7846,Comedy|Horror|Sci-Fi,10.0
27338,Drama|Horror|Mystery|Thriller,10.0
40817,Comedy|Drama,10.0
5066,Drama|Romance,10.0
5092,Children|Comedy,10.0
5254,Action|Horror|Thriller,10.0
5266,Thriller,10.0
5313,Action|Adventure|Fantasy|Thriller,10.0
5363,Comedy,10.0
5502,Horror|Sci-Fi|Thriller,10.0
5577,Comedy|Drama,10.0
5792,Comedy|Drama,10.0
5803,Action|Adventure|Comedy|Crime,10.0
5812,Drama|Romance,10.0
5833,Action|Horror,10.0
5874,Comedy,10.0
5880,Action|Adventure|Crime|Thriller,10.0
6163,Romance|Thriller,10.0
6207,Drama,10.0
6757,Crime|Drama|Mystery|Thriller,10.0
7358,Documentary,10.0
8790,Comedy|Horror,10.0
33296,Comedy|Romance,10.0
118468,Animation|Fantasy,10.0
6188,Comedy,10.0
6213,Action|Drama|Thriller,10.0
6322,Crime|Thriller,10.0
6373,Comedy|Drama|Fantasy|Romance,10.0
6380,Documentary,10.0
6503,Action|Adventure|Comedy|Crime|Thriller,10.0
6566,Action|Adventure|Children,10.0
6586,Comedy,10.0
6872,Action|Horror,10.0
6879,Drama|Thriller,10.0
6884,Crime|Drama|Thriller,10.0
6927,Drama|Romance|Thriller,10.0
7156,Documentary|War,10.0
7323,Comedy|Drama,10.0
7460,Comedy|Drama,10.0
8963,Drama|Romance|Sci-Fi|Thriller,10.0
8982,Drama,10.0
27674,Comedy|Crime|Drama|Mystery|Thriller,10.0
27816,Action|Adventure|Drama|War,10.0
27822,Drama|Thriller,10.0
33358,Comedy|Drama,10.0
33558,Adventure|Drama,10.0
33683,Horror|Thriller,10.0
7316,Comedy,10.0
7376,Action,10.0
7451,Comedy,10.0
8366,Comedy|Drama,10.0
8638,Drama|Romance,10.0
8781,Thriller,10.0
8799,Comedy|Romance,10.0
8835,Drama|Thriller,10.0
8860,Action|Crime|Drama|Mystery|Thriller,10.0
8916,Comedy|Romance,10.0
8918,Comedy|Crime|Drama,10.0
8958,Drama,10.0
8972,Action|Adventure|Drama|Mystery|Thriller,10.0
27875,Crime|Documentary|Drama,10.0
27879,Documentary,10.0
30707,Drama,10.0
31435,Drama,10.0
32291,Comedy|Drama,10.0
32591,Comedy|Drama|Romance,10.0
33138,Adventure|Comedy|Drama,10.0
33903,Comedy|Crime|Drama|Romance,10.0
79006,Documentary,10.0
31431,Drama|Horror|Mystery|Thriller,10.0
31689,Documentary,10.0
32587,Action|Crime|Film-Noir|Mystery|Thriller,10.0
32598,Comedy|Romance,10.0
33669,Adventure|Comedy|Drama,10.0
33672,Action|Comedy|Drama,10.0
34048,Action|Adventure|Sci-Fi|Thriller,10.0
34321,Children|Comedy,10.0
34338,Comedy|Documentary,10.0
34437,Comedy|Drama,10.0
34528,Comedy|Drama,10.0
34530,Comedy,10.0
36276,Drama|Mystery|Thriller,10.0
36519,Action|Crime|Thriller,10.0
36708,Adventure|Animation|Comedy,10.0
37240,Documentary,10.0
37733,Action|Crime|Drama|Thriller,10.0
39292,Crime|Drama,10.0
39715,Comedy,10.0
40574,Action|Crime|Drama,10.0
40815,Adventure|Fantasy|Thriller|IMAX,10.0
41285,Crime|Drama|Romance,10.0
42723,Horror,10.0
42740,Comedy,10.0
45521,Comedy|Drama,10.0
46772,Comedy,10.0
47254,Action|Crime|Drama|Thriller,10.0
48032,Comedy|Drama|Romance|War,10.0
141124,Drama,10.0
42738,Action|Fantasy|Horror,10.0
43910,Documentary|Musical,10.0
43919,Comedy|Romance,10.0
43930,Comedy|Romance,10.0
43932,Action|Drama|Fantasy|Horror|Mystery|Sci-Fi|Thriller,10.0
44191,Action|Sci-Fi|Thriller|IMAX,10.0
44613,Drama,10.0
44828,Comedy|Horror|Sci-Fi,10.0
44840,Comedy,10.0
45062,Crime|Drama|Thriller,10.0
45208,Adventure|Children|Comedy,10.0
45440,Comedy|Drama,10.0
45726,Comedy,10.0
46976,Comedy|Drama|Fantasy|Romance,10.0
47640,Comedy,10.0
47810,Horror|Mystery|Thriller,10.0
47937,Comedy|Horror|Thriller,10.0
47952,Action|Horror|Thriller,10.0
48304,Adventure|Drama|Thriller,10.0
48591,Drama|Horror|Mystery|Thriller,10.0
49526,Comedy,10.0
49528,Adventure|Drama|Horror|Mystery|Thriller,10.0
50005,Action|Drama,10.0
51304,Crime|Drama|Thriller,10.0
51709,Comedy|Drama|Horror|Sci-Fi|Thriller,10.0
51884,Drama|Romance,10.0
53318,Comedy|Drama|Romance,10.0
53468,Comedy|Horror|Thriller,10.0
55156,Documentary,10.0
65310,Comedy|Horror|Musical,10.0
140755,Comedy|Romance,10.0
51080,Drama|Thriller,10.0
51931,Drama,10.0
52458,Drama|Thriller,10.0
52460,Action|Adventure|Drama|Thriller|War,10.0
52668,Comedy|Drama|Romance,10.0
53189,Comedy,10.0
54256,Comedy,10.0
54270,Horror|Thriller,10.0
54276,Comedy|Drama|Romance,10.0
54787,Drama|Thriller,10.0
54995,Action|Horror|Sci-Fi,10.0
55110,Drama,10.0
55259,Action|Adventure|Drama|Fantasy,10.0
55294,Comedy|Crime|Drama,10.0
55444,Drama,10.0
55451,Comedy|Drama|Romance,10.0
55908,Drama|Sci-Fi,10.0
56079,Comedy,10.0
56156,Action|Crime|Thriller,10.0
56336,Action|Horror|Thriller,10.0
57274,Drama|Horror|Thriller,10.0
57353,Crime|Drama,10.0
59143,Comedy|Documentary,10.0
59721,Comedy,10.0
59985,Comedy|Drama|Romance,10.0
60128,Comedy,10.0
60857,Drama,10.0
71318,Adventure|Animation|Sci-Fi,10.0
74740,Mystery|Thriller,10.0
158314,Comedy,10.0
55830,Comedy,10.0
57640,Action|Adventure|Fantasy|Sci-Fi,10.0
58025,Action|Adventure|Drama|Sci-Fi|Thriller,10.0
58103,Action|Drama|Thriller,10.0
58432,Comedy|Drama,10.0
59126,Comedy|Documentary,10.0
59725,Comedy|Romance,10.0
60126,Action|Comedy,10.0
61240,Drama|Fantasy|Horror|Romance,10.0
61348,Comedy,10.0
61350,Action|Adventure|Sci-Fi|Thriller,10.0
61357,Documentary,10.0
62394,Action|Crime|Drama|Thriller,10.0
63992,Drama|Fantasy|Romance|Thriller,10.0
65465,Drama|Romance,10.0
67252,Action,10.0
67429,Animation|Musical,10.0
71640,Documentary,10.0
74327,Comedy|Drama,10.0
66198,Drama|Thriller,10.0
67695,Action|Comedy,10.0
67997,Comedy,10.0
68269,Drama|Romance,10.0
68319,Action|Sci-Fi|Thriller,10.0
68324,Drama,10.0
69069,Comedy,10.0
69275,Action|Adventure|Comedy|Horror,10.0
69516,Crime|Drama|Film-Noir,10.0
69712,Drama,10.0
69844,Adventure|Fantasy|Mystery|Romance|IMAX,10.0
70183,Comedy|Drama|Romance,10.0
70663,Comedy|Romance,10.0
70898,Comedy,10.0
70994,Horror|Thriller,10.0
71205,Comedy|Horror|Sci-Fi|Thriller,10.0
71211,Comedy|Crime|Drama|Thriller,10.0
71248,Comedy,10.0
71252,Horror|Thriller,10.0
72011,Drama|Romance,10.0
72405,Crime|Drama,10.0
72694,Drama,10.0
72737,Animation|Children|Fantasy|Musical|Romance,10.0
73168,Drama|Horror|Thriller,10.0
74275,Comedy|Drama|Romance,10.0
74416,Drama,10.0
76060,Comedy,10.0
77907,Comedy|Documentary,10.0
79686,Documentary|Musical,10.0
73319,Comedy|Romance,10.0
74532,Action|Comedy|Crime,10.0
75985,Action|Sci-Fi|Thriller,10.0
77421,Comedy|Drama|Romance,10.0
78264,Comedy|Romance,10.0
78499,Adventure|Animation|Children|Comedy|Fantasy|IMAX,10.0
79057,Action|Sci-Fi|Thriller,10.0
79695,Action|Adventure|Thriller,10.0
81191,Documentary,10.0
81417,Horror|IMAX,10.0
81831,Comedy|Drama,10.0
82093,Crime|Romance,10.0
83086,Drama|Musical|Romance,10.0
83332,Documentary,10.0
83827,Documentary,10.0
85412,Fantasy|Horror,10.0
89000,Crime|Drama|Romance,10.0
91505,Drama|Romance|Sci-Fi,10.0
92210,Adventure|Animation|Drama|Mystery|Sci-Fi,10.0
98908,Comedy|Romance,10.0
108447,Horror|Thriller,10.0
138696,Comedy|Drama|Romance,10.0
83613,Action|Sci-Fi|Thriller|Western|IMAX,10.0
84392,Crime|Drama|Thriller,10.0
85213,Drama,10.0
85397,Fantasy|Horror|Mystery|Thriller,10.0
85438,Drama|Romance,10.0
86835,Action|Horror|Sci-Fi|Thriller,10.0
87222,Action|Adventure|Animation|Children|Comedy|IMAX,10.0
87306,Mystery|Sci-Fi|Thriller|IMAX,10.0
88356,Animation|Children|Comedy,10.0
89343,Action|Crime|Horror|Thriller,10.0
89759,Drama,10.0
89804,Drama,10.0
89864,Comedy|Drama,10.0
90266,Documentary,10.0
90343,Comedy|Drama|Musical,10.0
90403,Action|Adventure,10.0
91414,Animation|Children|Comedy|Drama,10.0
93700,Documentary,10.0
93838,Action|Crime,10.0
95761,Crime|Thriller,10.0
97744,Documentary,10.0
104597,Drama,10.0
92264,Action|Comedy|Crime,10.0
92507,Action|Crime|Mystery|Thriller,10.0
93270,Comedy,10.0
93272,Animation|Fantasy|Musical|IMAX,10.0
93498,Drama,10.0
93510,Action|Comedy|Crime,10.0
93512,Comedy|Drama,10.0
94777,Action|Comedy|Sci-Fi|IMAX,10.0
95875,Action|Sci-Fi|Thriller,10.0
96590,Action|Thriller,10.0
96726,Comedy|Romance,10.0
97639,Documentary,10.0
98587,Drama,10.0
99030,Comedy|Drama,10.0
99114,Action|Drama|Western,10.0
99117,Drama,10.0
100304,Action|Thriller,10.0
101962,Animation|Fantasy,10.0
102800,Comedy|Drama,10.0
103279,Drama,10.0
99912,Horror,10.0
100498,Action|Crime|Thriller|IMAX,10.0
102125,Action|Sci-Fi|Thriller|IMAX,10.0
102819,Drama,10.0
102903,Crime|Mystery|Thriller,10.0
103137,Crime|Drama,10.0
103335,Animation|Children|Comedy|IMAX,10.0
103539,Comedy|Drama|Romance,10.0
104069,Comedy,10.0
104241,Action|Comedy|Crime,10.0
104944,Drama,10.0
105211,Comedy|Drama|Romance,10.0
105593,Comedy|Crime|Drama,10.0
105769,Animation|Sci-Fi,10.0
105954,Action|Adventure|Drama,10.0
106002,Action|Adventure|Sci-Fi|IMAX,10.0
106011,Animation,10.0
106438,Comedy|Drama,10.0
106452,Drama,10.0
108076,Adventure|Documentary,10.0
108601,Drama,10.0
110461,Children|Comedy|Drama,10.0
111228,Documentary,10.0
111249,Drama,10.0
111251,Drama|Romance,10.0
112399,Documentary,10.0
113220,Documentary,10.0
116207,Crime|Drama|Thriller,10.0
108689,Action|Fantasy|Sci-Fi|IMAX,10.0
110553,Action|Sci-Fi|IMAX,10.0
111659,Action|Adventure|Children|IMAX,10.0
112749,Comedy|Drama|Romance,10.0
112852,Action|Adventure|Sci-Fi,10.0
113252,Comedy|Horror|Thriller,10.0
115151,Action|Crime,10.0
115569,Crime|Drama|Thriller,10.0
116855,Drama|Romance,10.0
117444,Animation|Children|Fantasy,10.0
118105,Comedy,10.0
118354,Crime|Drama|Mystery|Thriller,10.0
118702,Drama|War,10.0
118814,Comedy|Romance,10.0
130642,Drama|Horror|Thriller,10.0
132074,Documentary,10.0
134881,Drama,10.0
138546,Comedy,10.0
128620,(no genres listed),10.0
129937,Action|Crime|Drama|Thriller,10.0
132547,Drama,10.0
132796,Action|Drama|Thriller,10.0
133377,Horror|Sci-Fi|Thriller,10.0
133645,Drama|Romance,10.0
133824,Horror,10.0
135887,Adventure|Animation|Children|Comedy,10.0
139757,Documentary,10.0
140152,Children|Crime|Documentary,10.0
141668,Drama,10.0
141718,Comedy|Horror,10.0
141749,Drama,10.0
142258,Documentary,10.0
144976,Horror|Western,10.0
122924,Action|Adventure|Fantasy|Sci-Fi,10.0
135567,Action|Adventure|Sci-Fi,10.0
152079,Action|Crime|Thriller,10.0
152091,Comedy,10.0
156387,Drama,10.0
159972,Drama|Sci-Fi|Thriller,10.0
161582,Crime|Drama,10.0
161918,Action|Adventure|Horror|Sci-Fi,10.0
62383,Action|Adventure|Sci-Fi,9.0
83096,Comedy,9.0
4405,Drama,9.0
3022,Comedy|War,9.0
2010,Drama|Sci-Fi,9.0
6985,Drama,9.0
1927,Action|Drama|War,9.0
8044,Crime|Drama|Film-Noir,9.0
8507,Crime|Drama|Horror,9.0
4921,Drama|Romance,9.0
1931,Adventure|Drama,9.0
594,Animation|Children|Drama|Fantasy|Musical,9.0
1066,Comedy|Musical|Romance,9.0
3217,Drama,9.0
6515,Crime|Film-Noir,9.0
8542,Comedy|Musical,9.0
32349,Drama,9.0
2208,Drama|Mystery|Thriller,9.0
7078,Drama,9.0
98441,Children|Comedy|Drama|Musical,9.0
7079,Drama,9.0
7840,Adventure|Comedy|War,9.0
3095,Drama,9.0
7219,Drama,9.0
2937,Comedy,9.0
2651,Horror,9.0
2653,Horror,9.0
3377,Drama|War,9.0
3435,Crime|Drama|Film-Noir,9.0
7059,Children|Drama,9.0
25904,Drama|Film-Noir|Thriller,9.0
1337,Drama|Horror|Thriller,9.0
2920,Drama|Romance,9.0
953,Children|Drama|Fantasy|Romance,9.0
7210,Western,9.0
943,Drama|Fantasy|Romance,9.0
3632,Comedy|Crime,9.0
6047,Drama|Film-Noir|Mystery,9.0
6603,Crime|Drama|Film-Noir,9.0
8695,Comedy,9.0
25940,Drama|Film-Noir|Mystery,9.0
7212,Comedy|Romance,9.0
25952,Comedy|Drama,9.0
115139,Children|Drama,9.0
926,Drama,9.0
3364,Crime|Film-Noir,9.0
5291,Crime|Drama|Mystery,9.0
2660,Horror|Sci-Fi,9.0
3406,Action|Adventure|Drama|War,9.0
8187,Comedy|Musical,9.0
8502,Drama|Musical|Romance,9.0
87218,Crime|Drama|Film-Noir,9.0
89881,Children|Mystery|Sci-Fi,9.0
25972,Drama|Film-Noir,9.0
33917,Drama,9.0
47092,Crime|Drama|Film-Noir,9.0
2662,Action|Drama|Sci-Fi,9.0
4294,Children|Fantasy|Musical,9.0
4356,Comedy|Musical|Romance,9.0
915,Comedy|Romance,9.0
4319,Western,9.0
8008,Fantasy|Musical|Romance,9.0
8337,Drama|War,9.0
8618,Drama|Western,9.0
2727,Crime|Film-Noir,9.0
3678,Drama,9.0
8921,Drama|Romance,9.0
78111,Comedy|Musical,9.0
6516,Drama,9.0
3659,Sci-Fi|Thriller,9.0
3605,Crime|Drama|Musical,9.0
5836,Comedy|Romance,9.0
74630,Children|Fantasy|Musical,9.0
3923,Horror|Sci-Fi,9.0
4329,Western,9.0
4802,Action|Comedy|Romance|War,9.0
8137,Horror|Sci-Fi,9.0
3959,Action|Adventure|Sci-Fi,9.0
4042,Action|Drama|War|Western,9.0
7820,Crime|Drama,9.0
8487,Children|Comedy|Musical,9.0
71404,Adventure|Fantasy,9.0
3350,Drama,9.0
5063,Western,9.0
1267,Crime|Thriller|War,9.0
1344,Crime|Drama|Thriller,9.0
3546,Drama|Horror|Thriller,9.0
6414,Animation|Children|Musical,9.0
7062,Drama,9.0
1262,Action|Adventure|Drama|War,9.0
1572,Drama,9.0
32395,Fantasy|Horror|Sci-Fi|Thriller,9.0
107081,Action|Drama,9.0
1028,Children|Comedy|Fantasy|Musical,9.0
3245,Drama,9.0
8857,Drama,9.0
1018,Children|Comedy|Mystery,9.0
3873,Comedy|Western,9.0
5498,Drama,9.0
6416,Drama|War,9.0
7394,Action|Adventure|Comedy,9.0
3653,Documentary,9.0
7327,Drama,9.0
26151,Crime|Drama,9.0
91582,Western,9.0
2870,Comedy,9.0
2944,Action|Drama|War,9.0
7569,Action|Adventure|Sci-Fi|Thriller,9.0
7888,Comedy|Musical,9.0
1951,Drama|Musical,9.0
6808,Action|Adventure|War,9.0
32174,Action|Drama|War,9.0
1304,Action|Western,9.0
8797,Documentary,9.0
46855,Action|Drama|Thriller|War,9.0
81054,Comedy|Crime|Romance,9.0
2530,Action|Sci-Fi,9.0
3836,Action|Comedy|War,9.0
8196,Comedy|Horror,9.0
1964,Drama|Mystery,9.0
6840,Comedy|Drama,9.0
26241,Drama,9.0
858,Crime|Drama,9.0
1082,Drama,9.0
4438,Action|Drama|Romance|Thriller,9.0
8690,Comedy|Drama|Sci-Fi|War,9.0
34583,Action|Crime|Drama,9.0
615,Comedy|Drama,9.0
6051,Action|Crime|Drama,9.0
1329,Horror,9.0
2074,Crime|Drama|Romance,9.0
4220,Comedy,9.0
7071,Drama,9.0
1913,Drama|Mystery,9.0
2239,Comedy|Drama,9.0
5356,Horror|Sci-Fi,9.0
7921,Horror,9.0
26338,Comedy|Romance,9.0
7024,Drama,9.0
7126,Comedy|Crime|Drama|Film-Noir|Musical,9.0
32797,Comedy|Drama,9.0
41714,Comedy,9.0
3244,Comedy|Romance,9.0
4927,Fantasy|Mystery|Thriller,9.0
7920,Comedy|Crime,9.0
32234,Drama,9.0
3445,Mystery|Thriller,9.0
3519,Action|Drama|War,9.0
3813,Drama,9.0
4212,Crime|Mystery,9.0
8596,Comedy|Crime,9.0
2526,Sci-Fi,9.0
3702,Action|Adventure|Sci-Fi,9.0
4197,Comedy,9.0
5600,Drama,9.0
6170,Adventure|Children|Drama,9.0
6658,Comedy|Romance,9.0
7104,Comedy|War,9.0
7762,Drama|Thriller,9.0
7802,Action|Adventure|Crime|Thriller,9.0
7948,Comedy|Drama,9.0
26422,Comedy|Drama|Musical,9.0
26435,Comedy|Romance,9.0
2641,Action|Sci-Fi,9.0
2791,Comedy,9.0
2988,Drama,9.0
3834,Adventure|Drama|Romance,9.0
4830,Crime|Drama,9.0
4836,Drama|Romance,9.0
5042,Musical|Sci-Fi,9.0
5043,Thriller,9.0
5187,Comedy,9.0
5246,Action|Comedy,9.0
71650,Documentary,9.0
1335,Horror|Mystery,9.0
1663,Comedy|War,9.0
2301,Comedy|Musical,9.0
2639,Drama,9.0
3036,Adventure|Drama,9.0
3679,Documentary|Musical,9.0
4179,Drama,9.0
5723,Comedy|Romance,9.0
5729,Drama|Romance,9.0
5745,Comedy|Drama,9.0
5857,Comedy,9.0
5859,Drama|Thriller|War,9.0
1081,Comedy|Musical|Romance,9.0
2668,Horror|Sci-Fi,9.0
2792,Comedy,9.0
5940,Comedy,9.0
6133,Drama,9.0
6143,Comedy|Crime,9.0
91488,Animation|Children|Musical,9.0
3331,Drama,9.0
3591,Comedy|Drama,9.0
6989,Crime|Drama|Thriller,9.0
26485,Drama,9.0
3070,Adventure|Comedy|Sci-Fi,9.0
3525,Comedy,9.0
3925,Comedy|Drama,9.0
4397,Action|Comedy,9.0
5061,Drama|Romance,9.0
5568,Comedy,9.0
6349,Drama|Musical,9.0
7983,Comedy,9.0
1217,Drama|War,9.0
1300,Comedy|Drama,9.0
2065,Comedy|Drama|Fantasy|Romance,9.0
2073,Comedy,9.0
2077,Adventure|Children,9.0
2407,Comedy|Sci-Fi,9.0
2867,Comedy|Horror|Thriller,9.0
3479,Adventure|Fantasy|Romance,9.0
3685,Comedy|Drama|Romance,9.0
3690,Comedy,9.0
3819,Comedy,9.0
5367,Drama|Romance,9.0
5433,Adventure|Drama|Horror|Mystery|Thriller,9.0
6582,Action|Comedy|Crime|Thriller,9.0
6744,Comedy|Horror,9.0
2048,Action|Animation|Children|Crime,9.0
2145,Comedy|Drama|Romance,9.0
2419,Drama|Thriller,9.0
2421,Action|Adventure|Drama,9.0
2463,Comedy,9.0
2464,Horror,9.0
2469,Comedy|Drama,9.0
3112,Drama,9.0
3480,Drama|Romance,9.0
3491,Comedy,9.0
4981,Comedy,9.0
6350,Action|Adventure|Animation|Children|Fantasy|Sci-Fi,9.0
7984,Horror|Sci-Fi,9.0
1290,Drama|Romance,9.0
3962,Comedy|Horror,9.0
4124,Horror|Thriller,9.0
4139,Crime|Drama,9.0
4529,Comedy|Drama,9.0
5521,Action|Crime|Drama,9.0
7046,Comedy|Fantasy|Horror|Thriller,9.0
7102,Comedy|Crime|Drama,9.0
8128,Drama,9.0
8623,Comedy|Romance,9.0
26603,Fantasy|Horror|Sci-Fi|Thriller,9.0
1274,Action|Adventure|Animation|Sci-Fi,9.0
2263,Drama|Fantasy|Thriller,9.0
2926,Comedy|Drama,9.0
3613,Comedy,9.0
3768,Action|War,9.0
3837,Action|Fantasy|Horror|Sci-Fi|Thriller,9.0
4462,Comedy|Fantasy,9.0
4474,Comedy|Drama|Musical,9.0
4478,Comedy|Drama,9.0
4487,Drama|Romance,9.0
4521,Drama,9.0
4541,Horror,9.0
4543,Action|Adventure,9.0
4550,Comedy,9.0
4557,Drama,9.0
5641,Drama,9.0
26614,Action|Adventure|Drama|Mystery|Thriller,9.0
26631,Animation|Fantasy|Mystery,9.0
1186,Drama,9.0
2011,Adventure|Comedy|Sci-Fi,9.0
4577,Drama|War,9.0
4602,Comedy|Crime|Romance,9.0
4625,Drama|Sci-Fi|Thriller,9.0
4626,Drama|Romance|Sci-Fi,9.0
4654,Action|Drama,9.0
4662,Comedy|Crime,9.0
4664,Comedy|Romance,9.0
4675,Action|Comedy,9.0
4677,Comedy|Crime,9.0
8777,Drama,9.0
590,Adventure|Drama|Western,9.0
1379,Action|Western,9.0
2089,Adventure|Animation|Children,9.0
2250,Drama,9.0
3103,Drama|Romance,9.0
3697,Action|Sci-Fi|Thriller,9.0
4207,Action|Adventure|War,9.0
5581,Comedy,9.0
5840,Comedy|Drama,9.0
6659,Comedy|Horror|Sci-Fi,9.0
7045,Children|Fantasy,9.0
7613,Drama,9.0
26684,Comedy|Horror,9.0
26686,Comedy|Fantasy,9.0
30723,Drama,9.0
95965,Action|Adventure|Animation,9.0
589,Action|Sci-Fi,9.0
1175,Comedy|Drama|Romance,9.0
1372,Action|Mystery|Sci-Fi,9.0
1993,Comedy|Horror|Thriller,9.0
2108,Comedy|Romance,9.0
2124,Children|Comedy|Fantasy,9.0
2142,Adventure|Animation|Children|Musical|Western,9.0
2266,Comedy|Romance,9.0
2799,Comedy,9.0
5034,Drama|Romance,9.0
5337,Comedy,9.0
5359,Drama,9.0
5361,Adventure,9.0
6476,Mystery|Thriller,9.0
6978,Comedy|Drama,9.0
26736,Action|Crime|Thriller,9.0
1092,Crime|Mystery|Thriller,9.0
1094,Drama|Romance|Thriller,9.0
1187,Drama,9.0
1377,Action|Crime,9.0
1385,Action|Drama|Thriller,9.0
3252,Drama,9.0
3253,Comedy,9.0
3258,Comedy|Fantasy,9.0
3267,Action|Crime|Thriller|Western,9.0
3270,Comedy|Drama|Romance,9.0
3669,Comedy,9.0
3728,Crime|Drama|Film-Noir|Thriller,9.0
3802,Action|Sci-Fi,9.0
4317,Comedy|Romance,9.0
6961,Drama,9.0
8273,Comedy|Drama|Romance,9.0
419,Comedy,9.0
448,Drama,9.0
474,Action|Thriller,9.0
486,Comedy,9.0
546,Action|Adventure|Children|Comedy|Fantasy|Sci-Fi,9.0
567,Comedy|Drama,9.0
793,Drama,9.0
876,Action|Comedy|Crime|Thriller,9.0
2045,Adventure|Children|Drama|Romance,9.0
2106,Drama|War,9.0
3761,Action|Crime|Drama|Thriller,9.0
3920,Drama|Fantasy|Mystery|Romance,9.0
5103,Children|Comedy|Drama,9.0
5111,Drama|Thriller,9.0
6025,Comedy,9.0
8254,Comedy|Drama|Fantasy|Romance,9.0
102217,Comedy,9.0
184,Drama,9.0
223,Comedy,9.0
246,Documentary,9.0
276,Comedy|Romance,9.0
277,Drama,9.0
324,Comedy|Drama,9.0
378,Comedy|Romance,9.0
449,Comedy,9.0
487,Comedy|Western,9.0
504,Action|Drama|Sci-Fi,9.0
512,Horror|Sci-Fi,9.0
558,Action|Adventure|Animation|Children|Fantasy,9.0
844,Drama,9.0
1133,Comedy|Drama,9.0
6992,Comedy|Drama,9.0
6,Action|Crime|Thriller,9.0
9,Action,9.0
19,Comedy,9.0
25,Drama|Romance,9.0
59,Drama|Mystery,9.0
72,Comedy|Drama,9.0
83,Drama|Romance,9.0
85,Drama|Romance,9.0
105,Drama|Romance,9.0
119,Comedy,9.0
144,Comedy,9.0
157,Comedy|War,9.0
164,Crime|Film-Noir|Mystery|Thriller,9.0
167,Drama,9.0
188,Fantasy|Horror|Mystery,9.0
190,Thriller,9.0
203,Comedy,9.0
280,Drama|Thriller,9.0
294,Comedy|Romance,9.0
322,Comedy|Drama,9.0
343,Children,9.0
700,Comedy,9.0
831,Drama,9.0
850,Crime|Drama,9.0
94,Comedy|Drama|Romance,9.0
103,Mystery|Sci-Fi|Thriller,9.0
605,Drama|Romance,9.0
613,Drama|Romance,9.0
647,Action|Crime|Drama|War,9.0
731,Crime|Thriller,9.0
733,Action|Adventure|Thriller,9.0
736,Action|Adventure|Romance|Thriller,9.0
786,Action|Drama|Thriller,9.0
799,Comedy|Horror|Thriller,9.0
833,Comedy,9.0
842,Comedy|Horror,9.0
880,Sci-Fi|Thriller,9.0
882,Drama|Thriller,9.0
992,Thriller,9.0
998,Action|Crime,9.0
1041,Drama,9.0
1113,Comedy,9.0
1147,Documentary,9.0
1365,Drama,9.0
1367,Adventure|Children|Comedy,9.0
1393,Drama|Romance,9.0
1493,Romance,9.0
1571,Comedy|Romance,9.0
1575,Drama,9.0
6683,Drama,9.0
879,Horror|Thriller,9.0
1055,Thriller,9.0
1355,Horror|Thriller,9.0
1425,Comedy,9.0
1447,Crime,9.0
1454,Comedy|Drama,9.0
1460,Children|Comedy|Mystery,9.0
1479,Action|Romance|Sci-Fi|Thriller,9.0
1497,Action,9.0
1527,Action|Adventure|Comedy|Sci-Fi,9.0
1562,Action|Adventure|Fantasy|Thriller,9.0
1606,Action|Adventure,9.0
1647,Crime|Drama|Thriller,9.0
1649,Documentary,9.0
1658,Romance|Thriller,9.0
1667,Action|Drama,9.0
1684,Drama|Romance,9.0
1693,Drama|Mystery,9.0
1704,Drama|Romance,9.0
1750,Adventure|Children|Fantasy|Sci-Fi,9.0
1755,Comedy|Romance,9.0
1784,Comedy|Drama|Romance,9.0
1816,Comedy|Drama,9.0
1819,Documentary|Musical,9.0
1901,Documentary,9.0
2191,Comedy,9.0
4217,Documentary,9.0
5059,Documentary,9.0
5662,Comedy|Romance|Thriller,9.0
77846,Crime|Drama,9.0
1680,Drama|Romance,9.0
1739,Action|Children|Comedy,9.0
1783,Crime|Drama|Mystery|Romance|Thriller,9.0
1792,Action|Crime|Thriller,9.0
1801,Action|Adventure|Drama,9.0
1806,Adventure|Children|Comedy,9.0
1824,Comedy|Thriller,9.0
1870,Comedy|Drama,9.0
1886,Comedy,9.0
1912,Comedy|Crime|Drama|Romance|Thriller,9.0
2154,Drama|Romance,9.0
2166,Crime|Drama|Romance|Thriller,9.0
2167,Action|Horror|Thriller,9.0
2195,Comedy,9.0
2280,Crime,9.0
2315,Comedy|Horror|Thriller,9.0
2318,Comedy|Drama,9.0
2320,Drama|Thriller,9.0
2433,Drama,9.0
2442,Drama,9.0
2443,Drama|Romance,9.0
2542,Comedy|Crime|Thriller,9.0
2624,Drama|Fantasy,9.0
2681,Comedy|Romance|Sci-Fi,9.0
2930,Documentary,9.0
3188,Documentary,9.0
7915,Action|Adventure|Comedy,9.0
130522,Animation|Children,9.0
2447,Comedy|Drama,9.0
2448,Horror|Sci-Fi,9.0
2501,Drama,9.0
2507,Comedy|Sci-Fi,9.0
2540,Action|Crime|Drama|Thriller,9.0
2682,Drama,9.0
2700,Animation|Comedy|Musical,9.0
2701,Action|Comedy|Sci-Fi|Western,9.0
2710,Drama|Horror|Thriller,9.0
2725,Drama,9.0
2840,Drama|Thriller,9.0
2864,Comedy,9.0
2906,Drama|Romance,9.0
3052,Adventure|Comedy|Fantasy,9.0
3055,Thriller,9.0
3081,Fantasy|Horror|Mystery|Romance,9.0
3116,Drama,9.0
3129,Comedy|Drama,9.0
3150,Drama|Thriller,9.0
3156,Drama|Romance|Sci-Fi,9.0
3174,Comedy|Drama,9.0
3182,Documentary,9.0
3185,Drama,9.0
3720,Drama,9.0
3786,Comedy,9.0
7343,Documentary,9.0
7753,Drama,9.0
8093,Action|Drama|Romance|Thriller,9.0
61013,Action|Comedy|Drama|Romance,9.0
132952,(no genres listed),9.0
135264,Adventure|Children|Comedy,9.0
3276,Comedy,9.0
3301,Comedy|Crime,9.0
3317,Comedy|Drama,9.0
3481,Comedy|Drama|Romance,9.0
3510,Drama|Thriller,9.0
3511,Comedy,9.0
3580,Drama,9.0
3593,Action|Sci-Fi,9.0
3596,Comedy,9.0
3615,Adventure|Animation|Children,9.0
3784,Comedy|Fantasy,9.0
3785,Comedy|Horror,9.0
3793,Action|Adventure|Sci-Fi,9.0
3794,Comedy|Drama,9.0
3798,Drama|Horror|Mystery,9.0
3885,Comedy|Drama|Romance,9.0
3916,Drama,9.0
3949,Drama,9.0
3952,Drama|Thriller,9.0
3976,Comedy|Drama,9.0
3983,Drama|Romance,9.0
3988,Children|Comedy|Fantasy,9.0
3990,Animation|Children|Comedy,9.0
4023,Comedy|Drama|Romance,9.0
4029,Comedy|Drama,9.0
4300,Drama,9.0
4375,Comedy|Drama,9.0
4763,Comedy,9.0
5075,Comedy,9.0
6820,Drama|Horror|Thriller,9.0
7022,Action|Drama|Horror|Thriller,9.0
8453,Comedy|Romance,9.0
8699,Drama,9.0
27193,Action|Comedy,9.0
27251,Adventure|Comedy|Fantasy,9.0
27351,Horror,9.0
95858,Animation|Children|Comedy,9.0
121113,Comedy|Horror,9.0
140741,Drama|Romance,9.0
4161,Action|Comedy,9.0
4169,Comedy,9.0
4223,Drama|War,9.0
4241,Animation|Children,9.0
4368,Comedy,9.0
4371,Crime|Drama,9.0
4756,Action|Adventure|Drama|Romance,9.0
4887,Action|Sci-Fi|Thriller,9.0
4889,Crime|Drama,9.0
4890,Comedy|Fantasy|Romance,9.0
4895,Comedy,9.0
4964,Adventure|Drama|Romance,9.0
4965,Action|Drama|Thriller,9.0
4975,Mystery|Romance|Sci-Fi|Thriller,9.0
4978,Drama|Mystery|Thriller,9.0
4992,Comedy|Romance,9.0
4995,Drama|Romance,9.0
5010,Action|Drama|War,9.0
5015,Drama|Romance,9.0
5225,Drama|Romance,9.0
5269,Drama,9.0
5607,Comedy|Drama,9.0
5615,Drama,9.0
6384,Crime|Drama|Romance,9.0
8485,Adventure|Drama|Romance,9.0
5047,Action|Comedy,9.0
5282,Thriller,9.0
5329,Crime|Drama|Thriller,9.0
5348,Comedy|Drama,9.0
5524,Adventure|Drama|Romance,9.0
5684,Documentary,9.0
5686,Drama|Fantasy|War,9.0
5784,Horror,9.0
5815,Action|Crime|Thriller,9.0
5872,Action|Adventure|Thriller,9.0
5875,Drama,9.0
5954,Crime|Drama,9.0
5991,Comedy|Crime|Drama|Musical,9.0
6214,Crime|Drama|Mystery|Thriller,9.0
6306,Documentary,9.0
6331,Documentary,9.0
6375,Documentary,9.0
6552,Crime|Drama|Thriller,9.0
6772,Documentary,9.0
6898,Drama,9.0
8753,Documentary,9.0
137403,Drama,9.0
6058,Horror|Thriller,9.0
6298,Comedy|Crime,9.0
6703,Horror|Mystery|Thriller,9.0
6711,Comedy|Drama|Romance,9.0
6771,Comedy,9.0
6874,Action|Crime|Thriller,9.0
6930,Documentary,9.0
6947,Adventure|Drama|War,9.0
6950,Adventure|Thriller|Western,9.0
6953,Crime|Drama|Mystery|Romance|Thriller,9.0
7154,Drama|Romance,9.0
7163,Action|Sci-Fi|Thriller,9.0
7371,Drama|Mystery|Thriller,9.0
8537,Action|Adventure|Animation|Children|Sci-Fi,9.0
8577,Documentary,9.0
8930,Documentary,9.0
27664,Drama,9.0
27876,Comedy|Drama,9.0
31903,Drama|Romance,9.0
32562,Animation|Comedy|Drama,9.0
92004,Comedy|Drama,9.0
7255,Comedy|Romance,9.0
7361,Drama|Romance|Sci-Fi,9.0
7439,Action|Crime|Thriller,9.0
8360,Adventure|Animation|Children|Comedy|Musical|Romance,9.0
8644,Action|Adventure|Sci-Fi|Thriller,9.0
8665,Action|Crime|Thriller,9.0
8798,Action|Crime|Drama|Thriller,9.0
8864,Comedy|Drama,9.0
8911,Romance,9.0
8917,Action|Adventure|Animation|Comedy,9.0
8951,Drama,9.0
8957,Horror|Mystery|Thriller,9.0
8983,Action|Drama|Romance,9.0
8985,Action|Fantasy|Horror|Thriller,9.0
27790,Children|Comedy|Crime|Drama|Fantasy,9.0
27831,Crime|Drama|Thriller,9.0
27869,Action|Drama|War,9.0
30810,Adventure|Comedy|Fantasy,9.0
30820,Drama,9.0
31694,Comedy|Musical|Romance,9.0
32302,Documentary,9.0
42718,Action|Crime|Sci-Fi,9.0
55207,Comedy|Drama,9.0
62331,Action|Adventure|Animation|Comedy|Sci-Fi,9.0
135268,Adventure|Children|Comedy,9.0
31221,Action|Adventure|Crime|Drama,9.0
31685,Comedy|Romance,9.0
32031,Adventure|Animation|Children|Comedy|Fantasy|Sci-Fi|IMAX,9.0
32298,Comedy|Romance,9.0
33145,Comedy|Drama|Romance,9.0
33679,Action|Adventure|Comedy|Romance,9.0
33880,Comedy|Drama,9.0
34198,Comedy|Romance,9.0
36401,Comedy|Fantasy|Horror|Thriller,9.0
38992,Drama,9.0
39427,Thriller,9.0
40946,Comedy|Musical,9.0
41569,Action|Adventure|Drama|Fantasy|Thriller,9.0
42418,Adventure|Drama|Romance,9.0
42721,Action|Fantasy,9.0
95377,Animation|Comedy|Musical,9.0
140739,Drama,9.0
140751,Comedy|Drama|Sci-Fi,9.0
41863,Adventure|Crime|Drama,9.0
43869,Adventure|Animation|Children|Comedy,9.0
43921,Action|Crime|Thriller,9.0
44004,Comedy|Romance,9.0
45928,Documentary,9.0
46335,Action|Crime|Drama|Thriller,9.0
46578,Adventure|Comedy|Drama,9.0
47122,Comedy|Romance,9.0
47629,Drama,9.0
48394,Drama|Fantasy|Thriller,9.0
48522,Action|Children,9.0
48696,Drama|Romance,9.0
48817,Comedy|Drama|Romance,9.0
48877,Crime|Horror|Thriller,9.0
49314,Action|Crime|Drama,9.0
50259,Drama,9.0
50954,Comedy|Romance,9.0
57972,Documentary,9.0
59684,Documentary,9.0
64278,Documentary,9.0
79029,Documentary|Musical,9.0
92496,Comedy,9.0
50162,Action|Children|Fantasy,9.0
50442,Crime|Drama,9.0
50802,Comedy|Drama|Romance,9.0
51937,Horror|Thriller,9.0
53322,Crime|Thriller,9.0
53447,Crime|Drama,9.0
53953,Drama|Horror|Thriller,9.0
54001,Adventure|Drama|Fantasy|IMAX,9.0
54272,Animation|Comedy,9.0
54881,Documentary,9.0
55732,Comedy|Drama,9.0
55820,Crime|Drama,9.0
55851,Documentary,9.0
56069,Comedy|Drama|Horror|Thriller,9.0
57792,Comedy,9.0
58303,Crime|Drama|War,9.0
59429,Comedy,9.0
60135,Documentary,9.0
63276,Action,9.0
64695,Action|Adventure|Animation,9.0
64990,Documentary,9.0
66310,Drama|Horror|Thriller,9.0
70927,Comedy|Drama,9.0
103731,Drama,9.0
57951,Action|Adventure|Comedy|Romance,9.0
58146,Comedy,9.0
58299,Adventure|Animation|Children|Comedy,9.0
58879,Documentary|Musical|IMAX,9.0
58998,Comedy|Romance,9.0
59016,Crime|Drama|Thriller,9.0
59306,Horror|Mystery|Thriller,9.0
59392,Action|Fantasy|Sci-Fi,9.0
60333,Documentary,9.0
60756,Comedy,9.0
61075,Drama|Romance,9.0
61248,Action|Adventure|Sci-Fi|Thriller,9.0
62250,Crime|Drama,9.0
62376,Adventure|Children|Sci-Fi,9.0
62434,Comedy|Drama|Romance,9.0
62718,Comedy|Romance,9.0
62956,Action|Adventure|Animation|Comedy|Fantasy|Sci-Fi,9.0
63113,Action|Adventure|Thriller,9.0
64034,Drama|War,9.0
64197,Drama,9.0
64575,Drama|Mystery,9.0
64620,Drama,9.0
65188,Documentary,9.0
66200,Drama|Romance,9.0
69280,Comedy,9.0
70597,Comedy|Romance,9.0
74649,Comedy|Drama|Romance,9.0
86347,Comedy,9.0
60684,Action|Drama|Mystery|Sci-Fi|Thriller|IMAX,9.0
67193,Crime|Romance|Thriller,9.0
69529,Documentary,9.0
69746,Action|Adventure|Animation|Horror,9.0
70344,Comedy|Drama,9.0
70567,Drama|Romance,9.0
71823,Drama|Romance,9.0
71899,Animation|Comedy|Drama,9.0
72176,Comedy|Crime|Drama,9.0
72209,Action|Animation|Children|Sci-Fi,9.0
72367,Drama,9.0
72701,Adventure|Animation|Children|Comedy|Sci-Fi,9.0
73587,Comedy,9.0
74370,Horror|Thriller,9.0
76030,Horror|Thriller,9.0
76091,Crime|Drama|Mystery|Thriller,9.0
77427,Horror,9.0
78653,Drama|Romance,9.0
78836,Drama,9.0
79946,Comedy|Drama,9.0
80727,Comedy|Crime|Drama,9.0
97593,Drama|Horror|Thriller,9.0
98607,Action|Animation|Sci-Fi,9.0
74452,Horror|Thriller,9.0
74944,Crime|Drama|Thriller,9.0
76175,Action|Adventure|Drama|Fantasy,9.0
77455,Comedy|Documentary,9.0
77561,Action|Adventure|Sci-Fi|Thriller|IMAX,9.0
77800,Comedy|Drama,9.0
78105,Action|Adventure|Fantasy|Romance|IMAX,9.0
78209,Comedy,9.0
78321,Comedy,9.0
79132,Action|Crime|Drama|Mystery|Sci-Fi|Thriller|IMAX,9.0
80693,Comedy|Drama,9.0
82202,Drama|Thriller,9.0
82459,Western,9.0
82667,Crime|Thriller,9.0
82854,Adventure|Comedy|Fantasy,9.0
83506,Comedy,9.0
85780,Animation|Comedy|Sci-Fi,9.0
87234,Comedy|Drama|Romance,9.0
87785,Action|Crime|Thriller,9.0
89072,Horror,9.0
140747,Children|Drama|Fantasy,9.0
84944,Action|Adventure|Animation|Children|Comedy|Western,9.0
85022,Comedy,9.0
85414,Action|Drama|Mystery|Sci-Fi|Thriller,9.0
86059,Animation|Children|Comedy,9.0
86332,Action|Adventure|Drama|Fantasy|IMAX,9.0
88179,Drama|Romance,9.0
88267,Animation|Children|Comedy,9.0
88785,Comedy,9.0
88812,Action|Comedy|Crime,9.0
89305,Adventure|Comedy,9.0
89321,Drama,9.0
89904,Comedy|Drama|Romance,9.0
90057,Drama,9.0
90717,Action|Comedy|Crime,9.0
90719,Drama,9.0
90738,Action|Crime|Drama|Mystery|Thriller,9.0
91134,Drama,9.0
91688,Comedy|Thriller,9.0
91886,Children|Drama,9.0
93061,Drama,9.0
94931,Drama|Romance,9.0
92681,Action|Adventure|Comedy|Sci-Fi|IMAX,9.0
92938,Action|Fantasy|Thriller,9.0
93242,Drama|Thriller,9.0
93840,Comedy|Horror|Sci-Fi|Thriller,9.0
94677,Comedy,9.0
94780,Action|Adventure|Drama,9.0
94969,Crime|Drama|Thriller,9.0
95199,Comedy|Drama|Romance,9.0
95307,Comedy|Drama|Musical|IMAX,9.0
95558,Drama|Fantasy,9.0
95567,Drama,9.0
96281,Adventure|Animation|Comedy,9.0
96314,Comedy|Drama|Romance,9.0
96861,Action|Crime|Drama|Thriller,9.0
97230,Documentary,9.0
97752,Drama|Sci-Fi|IMAX,9.0
97858,Comedy|Drama,9.0
97938,Adventure|Drama|IMAX,9.0
98279,Comedy,9.0
98369,Action|Sci-Fi|Thriller,9.0
99296,Horror|Thriller,9.0
99675,Drama,9.0
100272,Drama,9.0
100450,Sci-Fi,9.0
100517,Documentary,9.0
100843,Comedy|Drama,9.0
101415,Comedy|Drama|Romance,9.0
140753,(no genres listed),9.0
100083,Comedy,9.0
101025,Adventure|Fantasy|IMAX,9.0
102123,Action|Comedy,9.0
102165,Comedy|Drama,9.0
102407,Drama,9.0
103235,Thriller,9.0
104076,Animation|Children|Comedy,9.0
104245,Adventure|Animation|Comedy,9.0
104272,Documentary,9.0
104283,Animation|Drama|Romance,9.0
104441,Crime|Drama|Thriller,9.0
105037,Comedy,9.0
106441,Children|Drama|War,9.0
106487,Action|Adventure|Sci-Fi|IMAX,9.0
106542,Action|Comedy|Romance,9.0
106916,Crime|Drama,9.0
107953,Action|Animation|Fantasy|IMAX,9.0
109042,Adventure|Comedy|Fantasy,9.0
109161,Drama,9.0
109742,Comedy|Thriller,9.0
109895,Comedy,9.0
117192,(no genres listed),9.0
129653,Drama,9.0
134025,(no genres listed),9.0
107516,Comedy,9.0
109317,Comedy,9.0
109846,Adventure|Animation|Comedy,9.0
109850,Action|Crime|Drama|IMAX,9.0
109853,Comedy|Drama|Romance,9.0
110297,Adventure|Comedy|Crime,9.0
111360,Action|Sci-Fi,9.0
111529,Drama,9.0
111921,Drama|Romance,9.0
112138,Action|Comedy|Crime,9.0
112175,Action|Adventure|Animation,9.0
112421,Comedy|Drama|Mystery,9.0
112515,Drama|Horror|Thriller,9.0
112897,Action|Adventure,9.0
113416,Action|Crime|Drama,9.0
113453,Comedy|Crime,9.0
113573,Action|Crime|Thriller,9.0
113705,Drama,9.0
113938,Documentary,9.0
115231,Comedy,9.0
115502,Comedy|Romance,9.0
116397,Thriller,9.0
116887,Action|Adventure|Drama,9.0
117511,Comedy,9.0
117851,Adventure|Animation|Children|Comedy,9.0
118248,Drama|Thriller,9.0
119141,Action|Comedy,9.0
121171,Documentary,9.0
123947,Drama,9.0
130628,Drama,9.0
133545,Comedy|Drama,9.0
143255,Mystery|Sci-Fi|Thriller,9.0
143377,Documentary|Drama,9.0
147426,Action|Crime|Drama,9.0
122882,Action|Adventure|Sci-Fi|Thriller,9.0
122886,Action|Adventure|Fantasy|Sci-Fi|IMAX,9.0
122902,Action|Adventure|Fantasy|Sci-Fi,9.0
130450,Adventure|Children|Fantasy,9.0
130520,Adventure|Animation|Children|Comedy|Fantasy|Sci-Fi,9.0
139385,Adventure|Drama,9.0
140267,Horror,9.0
140715,Drama,9.0
141890,Drama|War,9.0
142488,Thriller,9.0
142507,Drama,9.0
143385,Drama|Thriller,9.0
143657,Horror|Thriller,9.0
145150,Comedy|Drama|Thriller,9.0
146309,Action|Adventure|Animation,9.0
146688,Fantasy|Mystery|Thriller,9.0
148626,Drama,9.0
149606,Romance|War,9.0
150401,Action|Crime,9.0
122888,(no genres listed),9.0
152081,Action|Adventure|Animation|Children|Comedy,9.0
156609,Comedy,9.0
158783,Drama|Romance|Thriller,9.0
159093,Action|Comedy|Thriller,9.0
143410,(no genres listed),9.0
25737,Fantasy|Horror,8.0
59945,Adventure|Romance|Western,8.0
3310,Comedy|Drama,8.0
83318,Comedy,8.0
8609,Comedy,8.0
25752,Comedy,8.0
957,Drama,8.0
2102,Animation|Children|Comedy|Musical,8.0
25764,Comedy|Drama|Romance,8.0
2221,Drama|Thriller,8.0
25771,Fantasy,8.0
8228,Mystery,8.0
25777,Comedy,8.0
976,Romance|War,8.0
3739,Comedy|Romance,8.0
123663,Comedy,8.0
4278,Documentary,8.0
25807,Adventure|Crime|Horror|Thriller,8.0
7132,Comedy|Musical|Romance,8.0
25828,Crime|Drama|Romance,8.0
164977,Comedy,8.0
1933,Drama,8.0
36553,Action|Drama|Musical|War,8.0
1282,Animation|Children|Fantasy|Musical,8.0
8522,Comedy|Western,8.0
7833,Comedy|Crime|Mystery,8.0
42681,Adventure|Drama|Thriller|War,8.0
2650,Horror,8.0
3061,Comedy|Musical,8.0
6743,Adventure|Fantasy,8.0
897,Adventure|Drama|Romance|War,8.0
3936,Horror|Musical|Thriller,8.0
4923,Action|War,8.0
25898,Drama,8.0
2636,Horror,8.0
25906,Drama|Romance,8.0
33587,Horror|Mystery|Romance,8.0
966,Drama|War,8.0
8766,Drama|Film-Noir|Mystery,8.0
68872,Drama|War,8.0
964,Romance|Western,8.0
2201,Drama,8.0
3759,Animation|Children|Musical,8.0
3334,Crime|Drama|Film-Noir|Thriller,8.0
7070,Action|Adventure|Western,8.0
46664,Drama|Mystery|Thriller,8.0
963,Musical,8.0
42217,Drama,8.0
3088,Comedy|Fantasy,8.0
5826,Romance|Western,8.0
25962,Action|Adventure|Romance,8.0
5604,Comedy|Sci-Fi,8.0
8492,Drama|Fantasy,8.0
6669,Drama,8.0
6830,Film-Noir|Horror|Thriller,8.0
6982,Drama|War,8.0
3121,Drama|Film-Noir,8.0
7571,Crime|Drama|Film-Noir|Thriller,8.0
8616,Children|Musical|Romance,8.0
25999,Drama,8.0
4360,Musical,8.0
31374,Comedy|Drama|Romance,8.0
933,Crime|Mystery|Romance|Thriller,8.0
2184,Comedy|Mystery,8.0
5795,Film-Noir,8.0
8143,Drama,8.0
69945,Crime|Mystery,8.0
952,Adventure|Comedy,8.0
2182,Drama|Film-Noir|Thriller,8.0
2183,Adventure|Drama|Mystery|Thriller,8.0
2664,Horror|Sci-Fi|Thriller,8.0
2967,Drama|Thriller,8.0
3365,Drama|Western,8.0
7075,Adventure|Comedy|Musical,8.0
8136,Crime|Horror|Sci-Fi,8.0
8236,Drama|Film-Noir,8.0
3096,Comedy,8.0
4432,Drama|Film-Noir,8.0
6355,Musical,8.0
7357,Drama|Romance,8.0
8675,Action|Drama|War,8.0
938,Musical,8.0
1334,Horror|Sci-Fi,8.0
6630,Adventure|Drama,8.0
670,Drama,8.0
1016,Children|Comedy,8.0
2519,Drama|Horror|Thriller,8.0
3379,Drama,8.0
3872,Drama,8.0
6031,Drama|Romance,8.0
6183,Comedy|Musical|Romance,8.0
8484,Drama|War,8.0
4796,Comedy|Romance,8.0
5119,Drama,8.0
7207,Comedy,8.0
8189,Comedy,8.0
1076,Drama|Horror|Thriller,8.0
3654,Action|Adventure|Drama|War,8.0
6225,Drama,8.0
5981,Horror|Sci-Fi,8.0
6460,Drama,8.0
26094,Drama,8.0
1333,Horror|Thriller,8.0
2098,Children|Comedy,8.0
3921,Comedy,8.0
7757,Action|Adventure|Fantasy,8.0
8724,Drama|War,8.0
8850,Adventure|Children|Drama,8.0
51773,Drama,8.0
2951,Action|Western,8.0
3224,Drama,8.0
4399,Comedy|Drama,8.0
7560,Drama|Thriller|War,8.0
8190,Comedy|Drama|War,8.0
26122,Drama|Horror|War,8.0
2067,Drama|Romance|War,8.0
2993,Action|Adventure|Thriller,8.0
8494,Drama,8.0
31737,Mystery|Thriller,8.0
97254,Drama,8.0
6447,War,8.0
7122,Comedy|Drama|War,8.0
8033,Comedy|Crime|Romance,8.0
31930,Drama,8.0
52435,Animation|Comedy|Fantasy|Musical,8.0
2078,Animation|Children|Comedy|Musical,8.0
2135,Adventure|Children|Musical,8.0
7714,Drama|Musical|Romance,8.0
7959,Drama,8.0
775,Horror|Mystery,8.0
1023,Animation|Children|Musical,8.0
2922,Crime|Drama|Western,8.0
7247,Adventure|Children|Comedy|Fantasy|Musical,8.0
1010,Children|Comedy,8.0
8388,Comedy|Drama,8.0
54220,Comedy|Drama,8.0
1272,Drama|War,8.0
2520,Drama,8.0
6427,Children|Drama,8.0
6470,Western,8.0
72647,Drama,8.0
1206,Crime|Drama|Sci-Fi|Thriller,8.0
2031,Children|Comedy,8.0
2533,Action|Sci-Fi,8.0
3957,Action|Drama,8.0
7300,Action|Drama,8.0
32686,Horror|Thriller,8.0
3069,Drama,8.0
7272,Action|Crime|Drama,8.0
51380,Comedy|Drama,8.0
1077,Comedy|Sci-Fi,8.0
1234,Comedy|Crime,8.0
2137,Animation|Children,8.0
3194,Drama|Romance,8.0
3198,Crime|Drama,8.0
7482,Action|Crime,8.0
8042,Crime|Drama,8.0
3430,Action|Crime|Drama,8.0
26324,Comedy|Drama,8.0
85316,Animation|Children,8.0
88106,Drama,8.0
1303,Adventure|Drama,8.0
5117,Comedy|Musical,8.0
7115,Horror|Mystery|Thriller,8.0
495,Drama,8.0
2367,Adventure|Fantasy|Romance|Sci-Fi|Thriller,8.0
5021,Comedy|Crime|Mystery|Thriller,8.0
8999,Documentary,8.0
2014,Children|Comedy|Fantasy,8.0
2090,Adventure|Animation|Children|Crime|Drama,8.0
6021,Crime|Drama|Mystery|Thriller,8.0
7095,Drama,8.0
7980,Action|Drama|War,8.0
78967,Adventure|Fantasy|Horror|Romance|Sci-Fi|Thriller,8.0
1263,Drama|War,8.0
2932,Drama,8.0
3421,Comedy,8.0
4316,Drama,8.0
6730,Action|Comedy|Drama,8.0
26413,Action|Comedy,8.0
3420,Drama|Thriller,8.0
5165,Horror,8.0
5642,Drama,8.0
6665,Horror|Romance,8.0
7764,Drama|Horror,8.0
68614,Drama,8.0
2240,Drama,8.0
2525,Action|Horror|Sci-Fi,8.0
2851,Adventure|Sci-Fi|Thriller,8.0
4716,Drama,8.0
4717,Action|Comedy,8.0
4832,Drama,8.0
4840,Drama|Romance,8.0
5125,Comedy,8.0
5193,Musical,8.0
5205,Comedy|Horror,8.0
5208,Drama|War,8.0
5242,Comedy,8.0
5243,Action|Comedy,8.0
7790,Animation|Children|Comedy,8.0
109205,Documentary|Musical,8.0
4784,Drama,8.0
5754,Drama|Horror,8.0
5772,Drama,8.0
5867,Crime|Drama|Thriller,8.0
3688,Comedy,8.0
4915,Action|Adventure|Fantasy,8.0
5918,Horror,8.0
5926,Comedy|Drama|Romance,8.0
6095,Action,8.0
6121,Drama,8.0
6122,Comedy|Documentary,8.0
2795,Comedy,8.0
2897,Comedy|War,8.0
3039,Comedy,8.0
4809,Drama,8.0
4957,Crime|Thriller,8.0
5041,Animation|Fantasy,8.0
6774,Fantasy|Horror|Sci-Fi|Thriller,8.0
6807,Comedy,8.0
6979,Drama|Sci-Fi|Thriller,8.0
7570,Action|Adventure|Thriller,8.0
26464,Action|Crime|Drama,8.0
1240,Action|Sci-Fi|Thriller,8.0
1965,Comedy|Sci-Fi,8.0
2115,Action|Adventure|Fantasy,8.0
2257,Comedy|Romance,8.0
2406,Action|Adventure|Comedy|Romance,8.0
2420,Drama,8.0
2859,Documentary|Musical,8.0
3699,Adventure|Drama|Romance|Sci-Fi,8.0
4000,Adventure|Drama,8.0
5500,Comedy,8.0
6828,Drama,8.0
1297,Comedy,8.0
2033,Adventure|Animation|Children|Fantasy,8.0
2069,Drama,8.0
2370,Action|Adventure|Drama,8.0
2379,Comedy|Crime,8.0
2414,Action|Adventure|Children|Fantasy|Mystery|Thriller,8.0
2615,Adventure|Sci-Fi,8.0
2794,Adventure|Comedy|Romance,8.0
3704,Action|Adventure|Sci-Fi,8.0
4276,Comedy,8.0
36152,Drama|Fantasy|Romance,8.0
1376,Adventure|Comedy|Sci-Fi,8.0
1995,Horror|Thriller,8.0
2475,Action|Mystery|Thriller,8.0
2746,Comedy|Horror|Musical,8.0
2815,Action|War,8.0
4043,Crime|Drama,8.0
4218,Crime|Drama,8.0
4812,Adventure|Sci-Fi,8.0
7011,Comedy|Crime|Drama,8.0
26564,Drama|Musical,8.0
26574,Comedy|Drama,8.0
26578,Drama,8.0
1960,Drama,8.0
2643,Action|Adventure|Sci-Fi,8.0
2751,Comedy|Drama,8.0
3673,Adventure|Children,8.0
4091,Comedy|Romance,8.0
4103,Action|Adventure|Drama|War,8.0
4121,Action|Adventure|Comedy|Sci-Fi,8.0
7198,Comedy|Crime|Drama|Romance,8.0
7478,Drama,8.0
7987,Horror,8.0
8123,Comedy|Drama,8.0
1378,Action|Comedy|Western,8.0
1991,Horror|Thriller,8.0
2246,Action|Comedy|Romance,8.0
2382,Comedy|Crime,8.0
2471,Action|Adventure|Comedy,8.0
2987,Adventure|Animation|Children|Comedy|Crime|Fantasy|Mystery,8.0
3412,Adventure|Children|Drama,8.0
3444,Action,8.0
3687,Adventure|Animation|Fantasy|Sci-Fi,8.0
3710,Action|Comedy|Crime|Thriller,8.0
4009,Drama,8.0
4467,Adventure|Comedy|Fantasy,8.0
4475,Drama|War,8.0
4486,Drama,8.0
4526,Comedy|Romance|Sci-Fi,8.0
4531,Action,8.0
4546,Drama|Thriller,8.0
6244,Drama,8.0
1127,Action|Adventure|Sci-Fi|Thriller,8.0
1185,Drama,8.0
1218,Action|Crime|Drama|Thriller,8.0
1285,Comedy,8.0
1291,Action|Adventure,8.0
1307,Comedy|Romance,8.0
1962,Drama,8.0
1981,Horror,8.0
2064,Documentary,8.0
2123,Animation|Children|Comedy|Drama|Fantasy,8.0
2151,Comedy,8.0
2372,Comedy,8.0
2513,Horror,8.0
2973,Comedy|Crime|Drama,8.0
3694,Comedy|Horror,8.0
4352,Comedy|Drama,8.0
4593,Comedy,8.0
4603,Comedy|Romance,8.0
4667,Drama,8.0
4682,Action|Horror,8.0
1179,Crime|Drama|Film-Noir,8.0
1243,Comedy|Drama,8.0
1785,Crime|Thriller,8.0
1992,Horror|Thriller,8.0
2162,Adventure|Children|Fantasy,8.0
3425,Drama|Musical,8.0
3531,Comedy|Drama|Romance,8.0
4174,Drama,8.0
4392,Comedy|Drama|Fantasy|Romance,8.0
5839,Adventure|Drama,8.0
7028,Comedy|Crime,8.0
8893,Comedy|Horror,8.0
95165,Action|Adventure|Animation|Sci-Fi|Thriller,8.0
116939,Action|Animation|Comedy,8.0
1191,Documentary|Musical,8.0
2094,Action|Adventure|Sci-Fi,8.0
3108,Comedy|Drama|Fantasy|Romance,8.0
3386,Drama|Mystery|Thriller,8.0
3774,Comedy|Drama|Romance,8.0
4221,Comedy,8.0
4351,Action|Crime|Thriller,8.0
4862,Drama,8.0
4980,Adventure|Comedy|Fantasy|Sci-Fi,8.0
5637,Drama,8.0
6033,Comedy,8.0
6387,Action|Comedy|Crime|Thriller,8.0
6424,Comedy|Crime|Mystery|Romance,8.0
26732,Comedy,8.0
26749,Drama|Fantasy,8.0
506,Drama|Fantasy|Romance,8.0
861,Action|Comedy|Crime|Thriller,8.0
1320,Action|Horror|Sci-Fi|Thriller,8.0
2082,Children|Comedy,8.0
2083,Children|Comedy|Musical,8.0
2289,Comedy|Crime|Drama,8.0
3045,Comedy|Drama,8.0
3709,Horror,8.0
3810,Drama|Thriller,8.0
5159,Animation|Children|Comedy|Musical,8.0
6022,Drama,8.0
6442,Comedy|Romance,8.0
6722,Action|Romance,8.0
7010,Drama|Romance,8.0
8010,Drama,8.0
52666,Drama|Horror,8.0
444,Comedy|Romance,8.0
469,Drama|Romance,8.0
480,Action|Adventure|Sci-Fi|Thriller,8.0
488,Drama|Romance,8.0
491,Drama,8.0
535,Drama,8.0
540,Thriller,8.0
2803,Crime|Drama|Mystery|Romance|Thriller,8.0
2875,Drama|Mystery|Romance,8.0
3020,Action|Drama,8.0
3502,Drama,8.0
4711,Documentary,8.0
5343,Drama|Thriller,8.0
5452,Children|Comedy|Romance,8.0
5962,Drama|Thriller,8.0
6822,Drama|Western,8.0
58,Comedy|Drama|Romance,8.0
227,Action|Thriller,8.0
245,Crime|Drama,8.0
249,Drama|Romance,8.0
282,Drama,8.0
287,Comedy|Romance,8.0
301,Drama|Romance,8.0
331,Drama,8.0
356,Comedy|Drama|Romance|War,8.0
357,Comedy|Romance,8.0
383,Western,8.0
408,Drama,8.0
425,Drama|Romance,8.0
438,Action|Comedy|Drama,8.0
845,Drama,8.0
889,Drama|Romance,8.0
1444,Comedy,8.0
3434,Action|Drama,8.0
3972,Action|Comedy,8.0
5164,Animation|Children,8.0
7505,Drama|Horror|Mystery,8.0
80217,Documentary,8.0
8,Adventure|Children,8.0
24,Drama|Sci-Fi,8.0
42,Action|Crime|Drama,8.0
46,Drama|Romance,8.0
57,Drama,8.0
73,Drama|War,8.0
145,Action|Comedy|Crime|Drama|Thriller,8.0
200,Thriller,8.0
224,Comedy|Drama|Romance,8.0
239,Animation|Children|Comedy|Romance,8.0
258,Adventure|Children|Comedy|Fantasy|Romance,8.0
295,Comedy|Romance,8.0
332,Horror|Sci-Fi,8.0
745,Animation|Children|Comedy,8.0
753,Comedy|Drama|Romance,8.0
1406,Crime|Drama|Mystery|Thriller,8.0
3477,Comedy|Drama,8.0
6857,Action|Adventure|Animation|Fantasy,8.0
7574,Drama,8.0
7669,Drama|Romance,8.0
26854,Action|Crime|Horror,8.0
32352,Adventure|Animation|Comedy|Fantasy,8.0
44317,Comedy,8.0
136592,(no genres listed),8.0
74,Drama|Romance,8.0
87,Children|Comedy,8.0
88,Comedy,8.0
135,Comedy,8.0
612,Comedy,8.0
637,Comedy,8.0
650,Drama,8.0
656,Comedy,8.0
662,Thriller,8.0
708,Comedy|Romance,8.0
737,Action|Sci-Fi,8.0
747,Comedy,8.0
798,Action|Adventure|Drama|Thriller,8.0
802,Drama|Romance,8.0
818,Comedy,8.0
839,Action|Thriller,8.0
1049,Action|Adventure,8.0
1056,Drama,8.0
1059,Drama|Romance,8.0
1060,Comedy|Drama,8.0
1112,Action|Comedy|Drama,8.0
1310,Documentary,8.0
1311,Comedy,8.0
1358,Drama,8.0
1361,Documentary,8.0
1366,Drama,8.0
1384,Drama,8.0
1401,Drama,8.0
1482,Comedy|Drama,8.0
1516,Comedy,8.0
1542,Comedy|Drama|Romance,8.0
1545,Drama,8.0
3574,Horror|Sci-Fi,8.0
108090,Action|Adventure|Animation|Children,8.0
1422,Crime|Drama|Mystery|Thriller,8.0
1432,Action|Comedy|Crime|Drama|Thriller,8.0
1453,Comedy|Romance,8.0
1465,Action|Drama,8.0
1473,Action|Comedy|Crime|Drama,8.0
1498,Drama|Romance,8.0
1523,Action|Crime|Romance,8.0
1541,Comedy|Romance,8.0
1544,Action|Adventure|Sci-Fi|Thriller,8.0
1590,Horror|Sci-Fi|Thriller,8.0
1595,Adventure|Children|Drama,8.0
1596,Drama,8.0
1599,Action,8.0
1612,Comedy,8.0
1613,Drama,8.0
1632,Comedy|Romance,8.0
1645,Drama|Mystery|Thriller,8.0
1652,Documentary,8.0
1686,Crime|Thriller,8.0
1721,Drama|Romance,8.0
1729,Crime|Drama|Thriller,8.0
1730,Drama,8.0
1759,Drama,8.0
1760,Comedy,8.0
1910,Comedy|Crime|Drama,8.0
2197,Drama,8.0
2577,Comedy|Drama,8.0
2810,Animation|Horror|Mystery|Thriller,8.0
1753,Comedy,8.0
1754,Crime|Drama|Fantasy|Thriller,8.0
1769,Action|Crime|Thriller,8.0
1777,Comedy|Romance,8.0
1826,Adventure|Children,8.0
1833,Action|Drama|Thriller,8.0
1917,Action|Romance|Sci-Fi|Thriller,8.0
2007,Comedy,8.0
2231,Drama,8.0
2272,Drama,8.0
2296,Comedy,8.0
2314,Drama,8.0
2333,Drama,8.0
2357,Drama,8.0
2396,Comedy|Drama|Romance,8.0
2487,Action|Comedy,8.0
2563,Drama,8.0
2569,Comedy|Drama|Romance,8.0
2607,Drama|Romance,8.0
2673,Drama,8.0
2839,Drama,8.0
27005,Crime|Drama|Mystery|Thriller,8.0
27032,Action|Adventure|Comedy|Sci-Fi|Thriller,8.0
27186,Adventure|Animation|Children|Fantasy,8.0
2490,Action|Thriller,8.0
2497,Romance,8.0
2500,Comedy,8.0
2558,Comedy|Romance,8.0
2589,Comedy|Drama|Romance,8.0
2606,Comedy|Horror,8.0
2617,Action|Adventure|Comedy|Fantasy|Horror|Thriller,8.0
2627,Documentary|Drama,8.0
2628,Action|Adventure|Sci-Fi,8.0
2676,Drama|Thriller,8.0
2702,Drama,8.0
2721,Comedy|Romance,8.0
2724,Comedy|Romance,8.0
2761,Adventure|Animation|Children|Drama|Sci-Fi,8.0
2806,Comedy|Thriller,8.0
2826,Action|Adventure|Fantasy,8.0
2860,Comedy,8.0
2890,Action|Adventure|Comedy|Drama|War,8.0
2966,Adventure|Drama,8.0
2979,Drama,8.0
3007,Documentary,8.0
3083,Drama,8.0
3115,Drama,8.0
3127,Comedy|Drama,8.0
3173,Drama,8.0
3327,Documentary,8.0
4026,Action|Comedy|Crime|Thriller,8.0
8130,Documentary,8.0
3239,Comedy,8.0
3286,Comedy,8.0
3324,Comedy,8.0
3409,Drama|Thriller,8.0
3483,Animation|Children,8.0
3515,Comedy|Romance,8.0
3535,Crime|Horror|Mystery|Thriller,8.0
3555,Action|Thriller|War,8.0
3578,Action|Adventure|Drama,8.0
3743,Comedy|Romance,8.0
3744,Action|Crime|Thriller,8.0
3821,Comedy,8.0
3829,Comedy|Romance,8.0
3883,Comedy|Drama,8.0
3889,Action|Adventure|Fantasy,8.0
3977,Action|Comedy,8.0
3986,Action|Sci-Fi|Thriller,8.0
3994,Drama|Sci-Fi,8.0
4015,Comedy|Sci-Fi,8.0
4226,Mystery|Thriller,8.0
4644,Comedy|Drama|Romance,8.0
4740,Comedy|Romance,8.0
4766,Crime|Drama|Romance,8.0
4769,Documentary,8.0
7842,Drama|Fantasy|Sci-Fi,8.0
7932,Documentary,8.0
27369,Animation|Comedy,8.0
27423,Adventure|Comedy,8.0
62336,Animation|Comedy|Fantasy|Sci-Fi,8.0
70751,Drama,8.0
4052,Crime|Drama|Thriller,8.0
4068,Comedy,8.0
4141,Comedy|Romance,8.0
4146,Drama|Mystery|Romance,8.0
4225,Comedy,8.0
4238,Action|Crime|Mystery|Thriller,8.0
4239,Crime|Drama,8.0
4267,Comedy,8.0
4308,Drama|Musical|Romance,8.0
4369,Action|Crime|Thriller,8.0
4720,Drama|Horror|Mystery|Thriller,8.0
4737,Drama,8.0
4782,Comedy|Romance,8.0
4822,Children|Comedy,8.0
4874,Drama|Fantasy|Mystery|Sci-Fi,8.0
4896,Adventure|Children|Fantasy,8.0
4961,Documentary,8.0
4967,Drama|War,8.0
5073,Drama,8.0
5081,Drama|Romance,8.0
5135,Comedy|Romance,8.0
5298,Comedy|Romance,8.0
5466,Comedy|Drama|Romance,8.0
5985,Action|Drama|Romance,8.0
6790,Drama|Fantasy|Sci-Fi,8.0
7502,Action|Drama|War,8.0
5048,Adventure|Children|Comedy,8.0
5107,Drama|War,8.0
5152,Action|Drama|War,8.0
5296,Comedy|Romance,8.0
5312,Crime|Thriller,8.0
5377,Comedy|Drama|Romance,8.0
5400,Drama|Thriller,8.0
5464,Crime|Drama,8.0
5504,Adventure|Children,8.0
5507,Action|Crime|Thriller,8.0
5558,Action|Crime,8.0
5619,Documentary,8.0
5633,Drama,8.0
5820,Documentary|Musical,8.0
5829,Comedy|Drama|Romance,8.0
5900,Comedy|Crime,8.0
5944,Action|Drama|Sci-Fi|Thriller,8.0
5945,Comedy|Drama,8.0
5989,Crime|Drama,8.0
6342,Comedy|Drama|Romance,8.0
6598,Documentary,8.0
7139,Drama|Romance,8.0
7172,Drama,8.0
27741,Drama|Romance,8.0
6005,Comedy|Documentary,8.0
6012,Comedy|Romance,8.0
6059,Action|Thriller,8.0
6263,Drama|Thriller|War,8.0
6265,Comedy,8.0
6378,Action|Crime,8.0
6482,Comedy,8.0
6709,Action|Adventure|Crime|Thriller,8.0
6770,Drama|Romance,8.0
6868,Crime|Drama|Mystery|Thriller,8.0
6890,Drama,8.0
6936,Children|Comedy|Fantasy,8.0
6958,Children|Comedy|Fantasy|Horror,8.0
7152,Drama|Thriller,8.0
7459,Crime|Drama,8.0
27800,Adventure|Animation|Fantasy|Musical|Sci-Fi,8.0
7317,Adventure|Comedy,8.0
7346,Comedy|Romance,8.0
7347,Mystery|Thriller,8.0
7444,Comedy|Fantasy|Romance,8.0
8667,Drama|Romance,8.0
8783,Drama|Mystery|Thriller,8.0
8784,Comedy|Drama|Romance,8.0
8807,Adventure|Comedy,8.0
8859,Comedy,8.0
8915,Drama,8.0
8946,Comedy,8.0
8961,Action|Adventure|Animation|Children|Comedy,8.0
8966,Drama,8.0
27685,Comedy,8.0
30883,Comedy|Fantasy,8.0
31878,Action|Comedy,8.0
31956,Drama|Romance,8.0
36931,Action|Crime|Drama,8.0
42677,Documentary,8.0
43899,Drama,8.0
86504,Documentary,8.0
110781,Action|Animation|Children|Comedy|Musical,8.0
30793,Adventure|Children|Comedy|Fantasy|IMAX,8.0
31422,Children|Comedy,8.0
31433,Comedy|Romance,8.0
32289,Children|Comedy|Drama,8.0
33794,Action|Crime|IMAX,8.0
33830,Adventure|Comedy|Romance,8.0
35836,Comedy|Romance,8.0
35957,Horror|Thriller,8.0
36517,Drama|Thriller,8.0
36533,Drama|Horror|Mystery|Thriller,8.0
37477,Action|Comedy|Crime,8.0
37731,Crime|Drama,8.0
37855,Drama,8.0
39446,Horror|Thriller,8.0
40339,Action|Adventure|Animation|Children|Comedy|Sci-Fi,8.0
40583,Drama|Thriller,8.0
41566,Adventure|Children|Fantasy,8.0
41571,Drama|Romance,8.0
42002,Comedy|Musical,8.0
43333,Drama|Romance,8.0
44671,Sci-Fi,8.0
44761,Crime|Drama|Film-Noir|Mystery,8.0
49265,Documentary|Drama|War,8.0
64997,Action|Sci-Fi,8.0
82608,Comedy|Romance,8.0
96075,Drama,8.0
43419,Action|Comedy|Crime|Western,8.0
43556,Drama,8.0
43558,Action|Comedy|Crime,8.0
43904,Horror|Thriller,8.0
44731,Horror|Sci-Fi|Thriller,8.0
44788,Documentary,8.0
44972,Comedy|Horror,8.0
45447,Drama|Mystery|Thriller,8.0
45728,Comedy,8.0
46948,Animation|Children|Fantasy|Mystery,8.0
47044,Action|Crime|Drama|Thriller,8.0
47382,Drama|Romance,8.0
47610,Drama|Fantasy|Mystery|Romance,8.0
47997,Adventure|Comedy|Sci-Fi|Thriller,8.0
48043,Drama|Fantasy|Romance,8.0
48159,Adventure|Animation|Children|Comedy,8.0
48231,Comedy|Drama|Horror,8.0
48322,Comedy|Documentary,8.0
48518,Horror|Thriller,8.0
48682,Comedy|Drama,8.0
48780,Drama|Mystery|Sci-Fi|Thriller,8.0
48791,Children|Drama,8.0
50160,Drama,8.0
50189,Comedy|Romance,8.0
51471,Drama|Romance,8.0
53123,Drama|Musical|Romance,8.0
54328,Comedy,8.0
54426,Comedy|Drama,8.0
55167,Action|Adventure|Animation|Crime|Fantasy,8.0
55684,Action|Crime|Drama,8.0
57504,Animation|Comedy|Drama|Romance|Sci-Fi,8.0
59273,Comedy|Drama,8.0
59519,Drama,8.0
60609,Adventure|Crime|Drama|Horror|Mystery,8.0
50445,Action|Horror|Thriller,8.0
51088,Comedy,8.0
52281,Action|Crime|Horror|Sci-Fi|Thriller,8.0
52579,Drama|Musical,8.0
53000,Horror|Sci-Fi|Thriller,8.0
53121,Adventure|Animation|Children|Comedy|Fantasy,8.0
53519,Action|Adventure|Crime|Horror|Thriller,8.0
54259,Adventure|Comedy|Fantasy|Romance,8.0
54281,Comedy|Drama,8.0
54648,Action|Comedy|Crime|Thriller,8.0
54734,Comedy,8.0
55069,Drama,8.0
55071,Documentary,8.0
55765,Crime|Drama|Thriller,8.0
55999,Children|Comedy|Fantasy,8.0
56174,Action|Horror|Sci-Fi|Thriller|IMAX,8.0
56563,Documentary,8.0
56805,Comedy|Musical,8.0
58191,Documentary,8.0
58306,Drama|War,8.0
58365,Animation|Documentary,8.0
64249,Adventure|Animation|Comedy|Fantasy,8.0
64993,Animation|Drama|Romance,8.0
68884,Comedy|Romance,8.0
115927,Action|Animation|Children|Fantasy|Sci-Fi,8.0
59421,Comedy|Romance,8.0
59900,Comedy,8.0
60516,Adventure|Children|Comedy|Romance|Sci-Fi,8.0
61071,Adventure|Comedy|Drama|Romance,8.0
61167,Drama|Mystery,8.0
61250,Comedy,8.0
61361,Comedy|Drama,8.0
63808,Drama,8.0
65126,Comedy|Drama,8.0
65982,Action|Adventure|Sci-Fi,8.0
66744,Drama,8.0
67267,Comedy|Drama,8.0
68835,Adventure|Fantasy|Musical|Romance,8.0
68967,Drama,8.0
69805,Action|Adventure|Fantasy,8.0
70465,Action|Crime|Drama,8.0
71282,Documentary,8.0
71700,Horror,8.0
73664,Adventure|Animation|Children,8.0
117121,Drama|Horror|Mystery|Thriller,8.0
63072,Adventure|Drama|Thriller,8.0
65802,Action|Comedy|Crime,8.0
67408,Animation|Sci-Fi|IMAX,8.0
68237,Drama|Mystery|Sci-Fi|Thriller,8.0
68791,Action|Adventure|Sci-Fi|Thriller,8.0
71135,Horror|Sci-Fi|Thriller,8.0
71462,Documentary,8.0
71520,Comedy,8.0
71668,Comedy|Romance,8.0
71745,Adventure|Children|Drama|Fantasy|IMAX,8.0
72605,Drama|Thriller|War,8.0
72733,Drama,8.0
73101,Comedy|Drama|Fantasy,8.0
73344,Crime|Drama,8.0
73488,Action|Horror|Thriller,8.0
73741,Action|Crime|Drama|Thriller,8.0
74868,Drama|Horror|Sci-Fi,8.0
78266,Horror|Sci-Fi|Thriller,8.0
79590,Comedy|Romance,8.0
91947,Comedy|Horror,8.0
92498,Comedy,8.0
108551,Drama,8.0
110058,Drama,8.0
120805,Comedy,8.0
146443,Comedy|Drama|Romance,8.0
74685,Action|Drama|Horror|Sci-Fi|Thriller,8.0
74698,Comedy|Fantasy,8.0
75341,Drama|Romance,8.0
76251,Action|Comedy,8.0
77414,Drama|Romance,8.0
78116,Comedy|Drama,8.0
78174,Comedy|Drama|Romance,8.0
78467,Action|Drama|Thriller|Western,8.0
78772,Fantasy|Romance|Thriller|IMAX,8.0
79242,Comedy|Drama,8.0
80026,Action|Sci-Fi,8.0
80126,Drama|Thriller,8.0
80363,Action|Horror|Sci-Fi|Thriller|IMAX,8.0
80551,Drama|Romance,8.0
80553,Drama,8.0
80858,Comedy,8.0
80864,Comedy|Romance,8.0
81018,Animation,8.0
81641,Drama|Thriller,8.0
81845,Drama,8.0
82169,Adventure|Children|Fantasy,8.0
83374,Action|Fantasy|Western,8.0
84160,Documentary,8.0
85342,Action|Crime|Drama,8.0
87304,Drama,8.0
87444,Comedy,8.0
88950,Drama,8.0
91273,Action|Drama|Fantasy,8.0
94672,Crime|Drama,8.0
99615,Drama,8.0
105715,Comedy|Romance,8.0
115624,Horror,8.0
84954,Romance|Sci-Fi|Thriller,8.0
85056,Action|Sci-Fi|Thriller|IMAX,8.0
85881,Comedy|Drama,8.0
86190,Action|Adventure|Mystery|Thriller,8.0
86298,Adventure|Animation|Children|Comedy,8.0
86320,Drama|Sci-Fi,8.0
86817,Comedy|Drama|Romance,8.0
87430,Action|Adventure|Sci-Fi,8.0
87520,Action|Adventure|Sci-Fi|War|IMAX,8.0
87876,Adventure|Animation|Children|Comedy|IMAX,8.0
88129,Crime|Drama|Film-Noir|Thriller,8.0
88140,Action|Adventure|Sci-Fi|Thriller|War,8.0
89761,Drama|Thriller,8.0
90405,Crime|Sci-Fi|Thriller,8.0
90522,Adventure|Comedy|Thriller,8.0
90531,Drama,8.0
90947,Drama,8.0
91470,Action|Drama,8.0
91622,Comedy|Drama,8.0
91890,Drama,8.0
92535,Comedy,8.0
93287,Comedy,8.0
93432,Documentary,8.0
94896,Comedy|Crime|Drama,8.0
98083,Comedy|Documentary,8.0
98604,Animation|Drama|Romance,8.0
91976,Action|Drama,8.0
92509,Drama|Romance,8.0
93766,Action|Adventure|Fantasy|IMAX,8.0
94018,Action|Sci-Fi|Thriller|IMAX,8.0
95207,Action|Fantasy|Horror|Thriller,8.0
95443,Comedy|Drama|Romance,8.0
96588,Comedy|Musical,8.0
97913,Animation|Comedy,8.0
98175,Comedy|Horror|Romance,8.0
98585,Drama,8.0
98809,Adventure|Fantasy|IMAX,8.0
99112,Action|Crime|Thriller,8.0
99145,Drama|Thriller,8.0
99470,Action|Horror|Thriller,8.0
101070,Drama,8.0
101884,Adventure|Drama|Thriller,8.0
102995,Drama,8.0
103444,Documentary,8.0
104757,Documentary,8.0
106473,Action|Adventure|Animation|Fantasy,8.0
102378,Comedy|Drama,8.0
102445,Action|Adventure|Sci-Fi|IMAX,8.0
102880,Action|Adventure|Sci-Fi|IMAX,8.0
102905,Drama,8.0
103048,Comedy,8.0
103341,Action|Comedy|Sci-Fi,8.0
103384,Action|Adventure|Western|IMAX,8.0
104129,Action|IMAX,8.0
105355,Drama|Romance,8.0
105429,Documentary,8.0
105468,Animation|Children|Comedy|Fantasy,8.0
105585,Action|Crime|Thriller,8.0
106072,Action|Adventure|Fantasy|IMAX,8.0
106100,Drama,8.0
106111,Comedy,8.0
106204,Drama,8.0
106491,Action|Adventure|Fantasy,8.0
106918,Adventure|Comedy|Drama,8.0
108506,Horror,8.0
108729,Mystery|Thriller,8.0
110591,Horror,8.0
111235,Documentary|Sci-Fi,8.0
132888,Comedy,8.0
110655,Adventure|Animation|Children|Comedy,8.0
111663,Action|Comedy|Horror,8.0
111913,Drama,8.0
112070,Drama,8.0
112497,Comedy,8.0
112767,Comedy,8.0
113064,Comedy|Drama,8.0
113275,Comedy|Drama,8.0
114180,Action|Mystery|Sci-Fi,8.0
114635,Documentary,8.0
114662,Action|War,8.0
114707,Horror|Mystery,8.0
114762,Comedy|Romance,8.0
115170,Drama,8.0
115174,Drama,8.0
116897,Comedy|Drama|Thriller,8.0
118985,Drama,8.0
120783,Action|Crime|Drama,8.0
122932,Children|Comedy|Romance,8.0
127319,Thriller,8.0
131168,Drama,8.0
142068,Drama,8.0
113345,Action|Adventure|Sci-Fi,8.0
119145,Action|Adventure|Comedy|Crime,8.0
127198,Comedy|Drama,8.0
127202,Drama,8.0
128512,Drama|Mystery|Romance,8.0
129354,Comedy|Crime|Drama|Romance,8.0
129659,Drama,8.0
130073,Children|Drama|Fantasy|Romance,8.0
130083,Action|Crime|Drama|Thriller,8.0
131724,Documentary,8.0
132496,Comedy|Drama,8.0
133281,Comedy|Drama,8.0
134158,Thriller,8.0
136018,Crime|Drama,8.0
138036,Action|Adventure|Comedy,8.0
138610,Horror|Thriller,8.0
144172,Horror,8.0
145839,Drama,8.0
161084,Documentary,8.0
137857,Adventure|Drama|Fantasy,8.0
150548,Action|Crime|Drama|Mystery|Thriller,8.0
152025,Documentary,8.0
152057,Drama,8.0
155392,Drama,8.0
155820,Comedy,8.0
156607,Action|Adventure|Drama|Fantasy,8.0
157296,Adventure|Animation|Comedy,8.0
162542,Romance|Thriller,8.0
104595,Documentary,8.0
151307,(no genres listed),8.0
